booking_id,passenger_id,flight_id,booking_date,status,is_confirmed,airline,source,destination,route,departure_time,arrival_time,duration_minutes,overnight_flight,flight_record_status,flight_match_status,payment_amount,payment_rows,passenger_key,age_band,gender
B1000,P1591,AI192,2025-06-14 11:37:36.951,CANCELLED,False,Air India,MAA,BOM,MAA-BOM,2026-04-20 23:05:41.703,2026-04-21 04:04:41.703,299.0,False,VALID,VALID,0.0,0,977c3154ed97450c,0-17,M
B1001,P1803,6F026,2025-11-02 11:37:36.951,CANCELLED,False,IndiGo,BOM,CCU,BOM-CCU,2026-04-20 22:46:42.000,2026-04-21 03:13:42.000,267.0,False,VALID,VALID,0.0,0,604c9afd067fac61,55+,F
B1002,P1083,SJ010,2025-08-25 11:37:36.951,CANCELLED,False,SpiceJet,CCU,MAA,CCU-MAA,2026-04-20 23:38:41.701,2026-04-21 02:32:41.701,174.0,False,VALID,VALID,0.0,0,906ea2a505d51fd4,55+,F
B1003,P1364,AI069,2025-12-30 11:37:36.951,CONFIRMED,True,UNKNOWN,DEL,BOM,DEL-BOM,2026-04-20 22:43:41.702,2026-04-21 02:29:41.702,226.0,False,VALID,VALID,18342.1,1,253e3decf26bba87,55+,M
B1004,P1885,UK003,2025-10-02 11:37:36.951,PENDING,False,UNKNOWN,HYD,DEL,HYD-DEL,2026-04-20 21:41:41.700,2026-04-21 02:19:41.700,278.0,False,VALID,VALID,5071.9,3,f4133d1257c4df22,18-34,F
B1005,P1548,AI048,2025-08-31 11:37:36.951,CONFIRMED,True,Air India,CCU,DEL,CCU-DEL,2026-04-20 22:23:41.701,2026-04-21 02:15:41.701,232.0,False,VALID,VALID,24463.69,2,ccaeb9c55d66d792,35-54,F
B1006,P1341,AI140,2025-06-29 11:37:36.951,CANCELLED,False,Air India,BOM,DEL,BOM-DEL,2026-04-20 22:25:41.702,2026-04-21 02:08:41.702,223.0,False,VALID,VALID,0.0,0,a4df934159e17c6f,55+,M
B1007,P1838,UK167,2026-03-12 11:37:36.951,CONFIRMED,True,Vistara,DEL,MAA,DEL-MAA,2026-04-20 22:45:41.703,2026-04-21 01:46:41.703,181.0,False,VALID,VALID,20293.41,2,2fbfa19e0834526a,55+,M
B1008,P1406,AI245,2025-09-07 11:37:36.951,PENDING,False,Air India,BOM,CCU,BOM-CCU,2026-04-20 23:07:41.704,2026-04-21 01:43:41.704,156.0,False,VALID,VALID,5818.5,1,fe8378226aea284f,35-54,F
B1009,P1424,SJ158,2025-04-28 11:37:36.951,CANCELLED,False,SpiceJet,DEL,HYD,DEL-HYD,2026-04-20 23:05:41.703,2026-04-21 01:24:41.703,139.0,False,VALID,VALID,0.0,0,671275e88f80ab66,18-34,M
B1010,P1743,AI155,2025-11-24 11:37:36.951,CONFIRMED,True,Air India,BOM,CCU,BOM-CCU,2026-04-20 23:35:41.703,2026-04-21 01:23:41.703,108.0,False,VALID,VALID,11157.56,2,4b6c0c8b02b248b3,55+,F
B1011,P1092,AI179,2025-10-25 11:37:36.951,CONFIRMED,True,Air India,HYD,BOM,HYD-BOM,2026-04-20 20:41:41.703,2026-04-21 01:19:41.703,278.0,False,VALID,VALID,23388.83,1,6f2e7545bf6891bc,55+,F
B1012,P1847,AI137,2025-08-15 11:37:36.951,PENDING,False,Air India,BOM,DEL,BOM-DEL,2026-04-20 22:49:41.702,2026-04-21 01:17:41.702,148.0,False,VALID,VALID,17165.03,2,c7d426d2210ced26,0-17,F
B1013,P1613,SJ001,2025-07-20 11:37:36.951,CONFIRMED,True,SpiceJet,BOM,MAA,BOM-MAA,2026-04-20 20:28:41.700,2026-04-21 01:15:41.700,287.0,False,VALID,VALID,21100.76,3,cef0e879f29d08ed,55+,F
B1014,P1411,SJ172,2025-09-15 11:37:36.951,PENDING,False,SpiceJet,CCU,DEL,CCU-DEL,2026-04-20 21:58:41.703,2026-04-21 01:14:41.703,196.0,False,VALID,VALID,12755.11,3,493f03c091f1bb5b,18-34,F
B1015,P1431,UK094,2025-10-21 11:37:36.951,UNKNOWN,False,Vistara,BOM,CCU,BOM-CCU,2026-04-20 23:26:41.702,2026-04-21 01:11:41.702,105.0,False,VALID,VALID,0.0,0,4ff00403397e83e7,55+,F
B1016,P1677,UK027,2026-01-13 11:37:36.951,CANCELLED,False,Vistara,BOM,CCU,BOM-CCU,2026-04-20 22:44:41.701,2026-04-21 01:05:41.701,141.0,False,VALID,VALID,0.0,0,fb80277747aac668,55+,F
B1017,P1158,UK067,2026-04-04 11:37:36.951,CONFIRMED,True,Vistara,BOM,CCU,BOM-CCU,2026-04-20 21:36:41.701,2026-04-21 01:02:41.701,206.0,False,VALID,VALID,4403.98,2,2a70a1e3d06827e2,35-54,M
B1018,P1013,6F196,2026-03-25 11:37:36.951,CANCELLED,False,IndiGo,CCU,MAA,CCU-MAA,2026-04-20 23:04:41.703,2026-04-21 00:47:41.703,103.0,False,VALID,VALID,0.0,0,b096a49f02366632,35-54,M
B1019,P1372,6F164,2025-07-31 11:37:36.951,CANCELLED,False,IndiGo,BLR,BOM,BLR-BOM,2026-04-20 22:18:41.703,2026-04-21 00:45:41.703,147.0,False,VALID,VALID,0.0,0,051179b157321a62,0-17,M
B1020,P1224,SJ112,2025-12-06 11:37:36.951,CONFIRMED,True,SpiceJet,HYD,DEL,HYD-DEL,2026-04-20 22:20:41.702,2026-04-21 00:40:41.702,140.0,False,VALID,VALID,19677.93,1,bf52b129e3eaf405,0-17,M
B1021,P1504,6F190,2025-12-07 11:37:36.951,CANCELLED,False,IndiGo,DEL,MAA,DEL-MAA,2026-04-20 20:02:41.703,2026-04-21 00:36:41.703,274.0,False,VALID,VALID,0.0,0,39d17754fbe94062,35-54,M
B1022,P1072,AI080,2026-03-25 11:37:36.951,CONFIRMED,True,Air India,BOM,HYD,BOM-HYD,2026-04-20 23:03:41.702,2026-04-21 00:35:41.702,92.0,False,VALID,VALID,24355.36,2,08cb2d3a1162156f,18-34,M
B1023,P1248,6F213,2026-02-03 11:37:36.951,PENDING,False,IndiGo,BLR,BOM,BLR-BOM,2026-04-20 21:05:41.703,2026-04-21 00:32:41.703,207.0,False,VALID,VALID,22648.66,3,7fb7ffdbd85a3ce3,18-34,M
B1024,P1510,AI115,2025-06-21 11:37:36.951,PENDING,False,Air India,MAA,BLR,MAA-BLR,2026-04-20 19:37:41.702,2026-04-21 00:26:41.702,289.0,False,VALID,VALID,20124.44,2,4cdb726a24e12081,18-34,M
B1025,P1602,SJ049,2026-03-18 11:37:36.951,PENDING,False,SpiceJet,CCU,DEL,CCU-DEL,2026-04-20 20:26:41.701,2026-04-21 00:26:41.701,240.0,False,VALID,VALID,7282.05,2,a500ae03c00baf21,55+,F
B1026,P1215,AI058,2025-06-27 11:37:36.951,CONFIRMED,True,Air India,BOM,CCU,BOM-CCU,2026-04-20 22:40:41.701,2026-04-21 00:18:41.701,98.0,False,VALID,VALID,13267.86,2,e60442d25bc5f693,55+,M
B1027,P1972,UK036,2025-07-25 11:37:36.951,CONFIRMED,True,Vistara,CCU,BLR,CCU-BLR,2026-04-20 19:48:41.701,2026-04-21 00:12:41.701,264.0,False,VALID,VALID,3963.68,1,a4f6ec112797c512,0-17,F
B1028,P1601,SJ239,2025-05-25 11:37:36.951,CANCELLED,False,SpiceJet,BOM,CCU,BOM-CCU,2026-04-20 22:24:41.704,2026-04-21 00:10:41.704,106.0,False,VALID,VALID,0.0,0,f0316f28ef6214df,35-54,M
B1029,P1540,6F025,2025-06-06 11:37:36.951,CANCELLED,False,IndiGo,BLR,BOM,BLR-BOM,2026-04-20 23:02:41.701,2026-04-20 23:57:41.701,55.0,False,VALID,VALID,0.0,0,7f7a4a05ac7584dc,18-34,F
B1030,P1946,6F236,2026-03-18 11:37:36.951,CANCELLED,False,IndiGo,BOM,DEL,BOM-DEL,2026-04-20 20:35:41.704,2026-04-20 23:54:41.704,199.0,False,VALID,VALID,0.0,0,f6b417a876311203,0-17,M
B1031,P1816,AI060,2025-11-16 11:37:36.951,CANCELLED,False,Air India,DEL,HYD,DEL-HYD,2026-04-20 21:58:41.701,2026-04-20 23:51:41.701,113.0,False,VALID,VALID,0.0,0,7f8a4f8fcffd556d,35-54,F
B1032,P1938,UK021,2025-09-03 11:37:36.951,CANCELLED,False,Vistara,HYD,MAA,HYD-MAA,2026-04-20 22:00:41.701,2026-04-20 23:50:41.701,110.0,False,VALID,VALID,0.0,0,7eaf1e6c1630f0c8,18-34,F
B1033,P1987,UK026,2025-05-06 11:37:36.951,UNKNOWN,False,Vistara,HYD,MAA,HYD-MAA,2026-04-20 21:38:41.701,2026-04-20 23:44:41.701,126.0,False,VALID,VALID,0.0,0,afbd94f1848fd410,55+,F
B1034,P1219,SJ179,2025-12-31 11:37:36.951,CONFIRMED,True,SpiceJet,DEL,HYD,DEL-HYD,2026-04-20 20:09:41.703,2026-04-20 23:39:41.703,210.0,False,VALID,VALID,13330.23,3,f578969533b3f6b3,18-34,M
B1035,P1839,6F251,2025-08-21 11:37:36.951,PENDING,False,UNKNOWN,DEL,BLR,DEL-BLR,2026-04-20 22:56:41.703,2026-04-20 23:37:41.703,41.0,False,VALID,VALID,7168.37,2,b53cd664d3caa7d3,55+,M
B1036,P1726,SJ149,2025-11-24 11:37:36.951,PENDING,False,SpiceJet,HYD,MAA,HYD-MAA,2026-04-20 21:20:41.702,2026-04-20 23:20:42.000,120.0,False,VALID,VALID,5858.27,1,b65304c929ac9ac9,18-34,M
B1037,P1220,AI188,2026-03-20 11:37:36.951,PENDING,False,Air India,CCU,HYD,CCU-HYD,2026-04-20 20:16:41.703,2026-04-20 23:02:41.703,166.0,False,VALID,VALID,13465.51,3,9eabf0d062f2e17b,55+,F
B1038,P1388,SJ093,2026-01-01 11:37:36.951,PENDING,False,SpiceJet,BLR,BOM,BLR-BOM,2026-04-20 21:55:41.702,2026-04-20 23:01:41.702,66.0,False,VALID,VALID,7992.01,3,37b790ac45eacb4d,55+,M
B1039,P1553,SJ205,2025-08-21 11:37:36.951,CONFIRMED,True,SpiceJet,HYD,CCU,HYD-CCU,2026-04-20 21:56:41.703,2026-04-20 23:00:41.703,64.0,False,VALID,VALID,17735.91,3,d78d33086a6ac709,55+,M
B1040,P1646,6F099,2025-08-08 11:37:36.951,CONFIRMED,True,IndiGo,MAA,DEL,MAA-DEL,2026-04-20 22:24:41.702,2026-04-20 22:59:41.702,35.0,False,VALID,VALID,12617.34,1,9520ad3d7a70d319,55+,F
B1041,P1041,UK176,2025-05-28 11:37:36.951,CONFIRMED,True,Vistara,HYD,BLR,HYD-BLR,2026-04-20 18:41:41.703,2026-04-20 22:49:41.703,248.0,False,VALID,VALID,21318.92,3,ce0196be80de68aa,35-54,F
B1042,P1675,UK200,2025-12-02 11:37:36.951,CANCELLED,False,Vistara,CCU,DEL,CCU-DEL,2026-04-20 20:54:41.703,2026-04-20 22:45:41.703,111.0,False,VALID,VALID,0.0,0,841d6ff4bf515c14,0-17,F
B1043,P1872,6F195,2025-11-22 11:37:36.951,CANCELLED,False,IndiGo,CCU,DEL,CCU-DEL,2026-04-20 21:44:41.703,2026-04-20 22:39:41.703,55.0,False,VALID,VALID,0.0,0,62b0b9ce01d516bf,0-17,M
B1044,P1282,6F174,2026-04-12 11:37:36.951,PENDING,False,IndiGo,DEL,HYD,DEL-HYD,2026-04-20 21:36:41.703,2026-04-20 22:16:41.703,40.0,False,VALID,VALID,21309.72,3,a5d7ccdbaa33ef6a,35-54,M
B1045,P1057,SJ214,2026-03-19 11:37:36.951,UNKNOWN,False,SpiceJet,BOM,MAA,BOM-MAA,2026-04-20 20:54:41.703,2026-04-20 22:10:41.703,76.0,False,VALID,VALID,0.0,0,c24146553498b111,35-54,M
B1046,P1813,UK059,2025-10-14 11:37:36.951,CONFIRMED,True,Vistara,HYD,MAA,HYD-MAA,2026-04-20 20:33:41.701,2026-04-20 22:10:41.701,97.0,False,VALID,VALID,11524.52,1,a1807f6186c536cb,18-34,M
B1047,P1833,6F151,2025-12-29 11:37:36.951,PENDING,False,IndiGo,CCU,HYD,CCU-HYD,2026-04-20 19:44:41.703,2026-04-20 22:04:41.703,140.0,False,VALID,VALID,9343.22,1,1047b7c4faa338bb,35-54,M
B1048,P1536,SJ236,2025-09-19 11:37:36.951,PENDING,False,SpiceJet,MAA,BOM,MAA-BOM,2026-04-20 18:03:41.704,2026-04-20 22:02:41.704,239.0,False,VALID,VALID,18014.9,2,fef3551179d3071c,18-34,F
B1049,P1072,SJ153,2025-07-28 11:37:36.951,UNKNOWN,False,SpiceJet,DEL,CCU,DEL-CCU,2026-04-20 20:37:41.702,2026-04-20 22:00:41.702,83.0,False,VALID,VALID,0.0,0,08cb2d3a1162156f,18-34,M
B1050,P1884,AI220,2026-01-15 11:37:36.951,PENDING,False,Air India,BOM,DEL,BOM-DEL,2026-04-20 20:19:41.703,2026-04-20 21:57:41.703,98.0,False,VALID,VALID,7397.98,3,256c5e44719e844b,55+,F
B1051,P1922,6F028,2025-07-05 11:37:36.951,CANCELLED,False,IndiGo,HYD,CCU,HYD-CCU,2026-04-20 19:49:41.701,2026-04-20 21:49:41.701,120.0,False,VALID,VALID,0.0,0,932990ec1a779758,55+,F
B1052,P1128,UK209,2025-12-30 11:37:36.951,CANCELLED,False,Unknown,MAA,BLR,MAA-BLR,2026-04-20 19:02:41.704,2026-04-20 21:47:41.704,165.0,False,VALID,VALID,0.0,0,9c8b72e9309f1ca4,35-54,M
B1053,P1598,UK216,2026-04-01 11:37:36.951,PENDING,False,Vistara,MAA,HYD,MAA-HYD,2026-04-20 18:33:41.704,2026-04-20 21:47:41.704,194.0,False,VALID,VALID,17626.72,3,b6699f1f75b07aaa,35-54,M
B1054,P1841,AI132,2026-04-11 11:37:36.951,CANCELLED,False,Air India,BLR,BOM,BLR-BOM,2026-04-20 19:32:41.702,2026-04-20 21:41:41.702,129.0,False,VALID,VALID,0.0,0,115f110efe2c6529,0-17,M
B1055,P1425,6F012,2025-10-14 11:37:36.951,CANCELLED,False,IndiGo,CCU,HYD,CCU-HYD,2026-04-20 18:06:41.701,2026-04-20 21:31:41.701,205.0,False,VALID,VALID,0.0,0,ab9f8c049da17999,35-54,M
B1056,P1947,UK173,2026-03-24 11:37:36.951,CANCELLED,False,Vistara,MAA,BLR,MAA-BLR,2026-04-20 17:06:41.703,2026-04-20 21:22:41.703,256.0,False,VALID,VALID,0.0,0,3fd6c6a6cc99badc,0-17,M
B1057,P1664,SJ047,2025-08-20 11:37:36.951,CANCELLED,False,SpiceJet,HYD,BOM,HYD-BOM,2026-04-20 20:44:41.701,2026-04-20 21:21:41.701,37.0,False,VALID,VALID,0.0,0,0c2667ac3ad287d5,18-34,M
B1058,P1693,SJ043,2025-12-07 11:37:36.951,PENDING,False,UNKNOWN,MAA,DEL,MAA-DEL,2026-04-20 18:59:41.701,2026-04-20 21:08:41.701,129.0,False,VALID,VALID,6075.53,1,2e77403b154c0332,55+,M
B1059,P1124,UK140,2026-01-03 11:37:36.951,CONFIRMED,True,Vistara,MAA,BLR,MAA-BLR,2026-04-20 19:37:41.703,2026-04-20 21:00:41.703,83.0,False,VALID,VALID,5519.66,3,350e0f62c4ee9419,55+,M
B1060,P1066,6F086,2025-12-30 11:37:36.951,CONFIRMED,True,IndiGo,MAA,HYD,MAA-HYD,2026-04-20 20:23:41.702,2026-04-20 21:00:41.702,37.0,False,VALID,VALID,17704.87,2,65a2662c1c42b221,0-17,F
B1061,P1005,6F114,2026-04-05 11:37:36.951,CANCELLED,False,IndiGo,BOM,MAA,BOM-MAA,2026-04-20 20:10:41.702,2026-04-20 21:00:41.702,50.0,False,VALID,VALID,0.0,0,eb2dfae377ce8e90,55+,M
B1062,P1636,UK153,2025-06-12 11:37:36.951,CANCELLED,False,Vistara,CCU,HYD,CCU-HYD,2026-04-20 16:52:41.703,2026-04-20 20:53:41.703,241.0,False,VALID,VALID,0.0,0,b17edebc21cc08a6,35-54,F
B1063,P1313,6F149,2025-05-19 11:37:36.951,CANCELLED,False,IndiGo,BLR,CCU,BLR-CCU,2026-04-20 17:57:41.703,2026-04-20 20:42:41.703,165.0,False,VALID,VALID,0.0,0,2b4f9a36a08983a0,55+,M
B1064,P1325,UK145,2025-09-14 11:37:36.951,CONFIRMED,True,Vistara,BOM,HYD,BOM-HYD,2026-04-20 18:30:41.703,2026-04-20 20:41:41.703,131.0,False,VALID,VALID,16963.8,1,9fca29bf66969aa3,35-54,M
B1065,P1564,UK010,2026-03-06 11:37:36.951,CANCELLED,False,Vistara,MAA,HYD,MAA-HYD,2026-04-20 17:53:41.701,2026-04-20 20:40:41.701,167.0,False,VALID,VALID,0.0,0,8537c2efa30e935d,18-34,M
B1066,P1577,SJ003,2025-11-05 11:37:36.951,PENDING,False,SpiceJet,MAA,CCU,MAA-CCU,2026-04-20 19:50:41.701,2026-04-20 20:32:41.701,42.0,False,VALID,VALID,15302.56,1,d97e647363170435,18-34,F
B1067,P1825,SJ160,2025-07-23 11:37:36.951,PENDING,False,SpiceJet,MAA,BLR,MAA-BLR,2026-04-20 19:45:41.703,2026-04-20 20:30:41.703,45.0,False,VALID,VALID,9686.9,2,f1e921ffaf861ea3,55+,M
B1068,P1505,UK224,2025-11-22 11:37:36.951,PENDING,False,Unknown,CCU,MAA,CCU-MAA,2026-04-20 16:25:41.704,2026-04-20 20:24:41.704,239.0,False,VALID,VALID,3677.99,2,b3b2bddc4a1da019,55+,F
B1069,P1081,UK152,2025-08-02 11:37:36.951,CONFIRMED,True,Vistara,BOM,CCU,BOM-CCU,2026-04-20 17:24:41.703,2026-04-20 20:13:41.703,169.0,False,VALID,VALID,12607.78,2,2fa8ad9bc1180c9e,55+,M
B1070,P1598,SJ034,2025-09-22 11:37:36.951,CANCELLED,False,SpiceJet,MAA,BOM,MAA-BOM,2026-04-20 15:20:41.701,2026-04-20 20:11:41.701,291.0,False,VALID,VALID,0.0,0,b6699f1f75b07aaa,35-54,M
B1071,P1001,UK215,2025-12-21 11:37:36.951,CANCELLED,False,Vistara,BOM,DEL,BOM-DEL,2026-04-20 17:38:41.704,2026-04-20 19:50:41.704,132.0,False,VALID,VALID,0.0,0,61d0f276b7160f04,0-17,M
B1072,P1203,UK089,2025-08-10 11:37:36.951,CANCELLED,False,Vistara,BOM,HYD,BOM-HYD,2026-04-20 15:38:41.702,2026-04-20 19:50:41.702,252.0,False,VALID,VALID,0.0,0,383b01dfc4b4451a,35-54,M
B1073,P1661,6F180,2025-12-04 11:37:36.951,CONFIRMED,True,IndiGo,MAA,BLR,MAA-BLR,2026-04-20 15:24:41.703,2026-04-20 19:48:41.703,264.0,False,VALID,VALID,8146.67,2,9585827735f88792,18-34,F
B1074,P1804,6F188,2025-09-25 11:37:36.951,CONFIRMED,True,IndiGo,DEL,HYD,DEL-HYD,2026-04-20 14:57:41.703,2026-04-20 19:39:41.703,282.0,False,VALID,VALID,4282.66,1,097d1730f877c5e9,35-54,F
B1075,P1403,UK131,2026-01-03 11:37:36.951,CONFIRMED,True,Vistara,BOM,DEL,BOM-DEL,2026-04-20 15:33:41.702,2026-04-20 19:39:41.702,246.0,False,VALID,VALID,9190.45,1,68817845c7bde67e,0-17,M
B1076,P1102,UK055,2025-05-04 11:37:36.951,CONFIRMED,True,Vistara,HYD,DEL,HYD-DEL,2026-04-20 16:48:41.701,2026-04-20 19:31:41.701,163.0,False,VALID,VALID,9459.06,3,63ac4a24e48cfe89,0-17,F
B1076,P1102,UK055,2025-05-04 11:37:36.951,CONFIRMED,True,Vistara,HYD,DEL,HYD-DEL,2026-04-20 16:48:41.701,2026-04-20 19:31:41.701,163.0,False,VALID,VALID,9459.06,3,63ac4a24e48cfe89,0-17,F
B1077,P1535,UK181,2025-05-03 11:37:36.951,PENDING,False,Vistara,MAA,DEL,MAA-DEL,2026-04-20 16:44:41.703,2026-04-20 19:26:41.703,162.0,False,VALID,VALID,17562.16,1,7ff5d504e0d5d5b5,55+,F
B1078,P1367,6F077,2025-09-21 11:37:36.951,CONFIRMED,True,IndiGo,CCU,DEL,CCU-DEL,2026-04-20 14:55:41.702,2026-04-20 19:13:41.702,258.0,False,VALID,VALID,15254.71,1,b48fae1fbcbcd5a9,35-54,F
B1079,P1211,SJ085,2025-06-03 11:37:36.951,CONFIRMED,True,SpiceJet,BLR,MAA,BLR-MAA,2026-04-20 14:41:41.702,2026-04-20 19:11:41.702,270.0,False,VALID,VALID,20245.76,3,df5b29f2ff7bba86,55+,F
B1080,P1576,SJ023,2025-06-05 11:37:36.951,CONFIRMED,True,SpiceJet,HYD,MAA,HYD-MAA,2026-04-20 17:27:41.701,2026-04-20 19:09:41.701,102.0,False,VALID,VALID,17614.9,1,8debcd3aea9b9245,35-54,M
B1081,P1960,SJ202,2025-11-13 11:37:36.951,CANCELLED,False,SpiceJet,CCU,HYD,CCU-HYD,2026-04-20 17:21:41.703,2026-04-20 19:08:41.703,107.0,False,VALID,VALID,0.0,0,d645a3f176a42988,35-54,M
B1082,P1208,SJ150,2025-09-09 11:37:36.951,CANCELLED,False,SpiceJet,BOM,HYD,BOM-HYD,2026-04-20 15:33:41.702,2026-04-20 19:03:41.702,210.0,False,VALID,VALID,0.0,0,d7828af53487e3e7,35-54,M
B1083,P1762,SJ116,2025-05-12 11:37:36.951,CANCELLED,False,SpiceJet,HYD,CCU,HYD-CCU,2026-04-20 17:33:41.702,2026-04-20 19:02:41.702,89.0,False,VALID,VALID,0.0,0,2a07d49e429c2a72,18-34,M
B1084,P1896,6F270,2025-06-14 11:37:36.951,PENDING,False,Unknown,HYD,MAA,HYD-MAA,2026-04-20 18:14:41.701,2026-04-20 19:02:41.701,48.0,False,VALID,VALID,3499.67,1,d27c1e98bd8f296f,55+,F
B1085,P1116,UK150,2026-03-24 11:37:36.951,PENDING,False,Vistara,DEL,CCU,DEL-CCU,2026-04-20 18:31:41.703,2026-04-20 19:01:41.703,30.0,False,VALID,VALID,4981.05,1,f82a60e2bbf27d94,55+,F
B1086,P1627,SJ237,2026-02-16 11:37:36.951,CONFIRMED,True,SpiceJet,BOM,CCU,BOM-CCU,2026-04-20 16:32:41.704,2026-04-20 19:00:41.704,148.0,False,VALID,VALID,18891.91,3,66ff10bdebab942a,18-34,M
B1087,P1748,AI221,2025-05-08 11:37:36.951,CANCELLED,False,Air India,MAA,HYD,MAA-HYD,2026-04-20 16:18:41.703,2026-04-20 18:54:41.703,156.0,False,VALID,VALID,0.0,0,88b590eeb1710624,35-54,M
B1088,P1477,SJ081,2026-03-25 11:37:36.951,PENDING,False,SpiceJet,BOM,BLR,BOM-BLR,2026-04-20 17:04:41.702,2026-04-20 18:53:41.702,109.0,False,VALID,VALID,6547.98,3,faaaa19b96962364,35-54,F
B1089,P1104,UK189,2025-09-03 11:37:36.951,CANCELLED,False,Vistara,BLR,MAA,BLR-MAA,2026-04-20 15:07:41.703,2026-04-20 18:51:41.703,224.0,False,VALID,VALID,0.0,0,3a1ef3bd6458cdd8,55+,F
B1089,P1104,UK189,2025-09-03 11:37:36.951,CANCELLED,False,Vistara,BLR,MAA,BLR-MAA,2026-04-20 15:07:41.703,2026-04-20 18:51:41.703,224.0,False,VALID,VALID,0.0,0,3a1ef3bd6458cdd8,55+,F
B1089,P1104,UK189,2025-09-03 11:37:36.951,CANCELLED,False,Vistara,BLR,MAA,BLR-MAA,2026-04-20 15:07:41.703,2026-04-20 18:51:41.703,224.0,False,VALID,VALID,0.0,0,3a1ef3bd6458cdd8,55+,F
B1090,P1494,SJ068,2025-05-16 11:37:36.951,PENDING,False,SpiceJet,BLR,BOM,BLR-BOM,2026-04-20 16:44:41.701,2026-04-20 18:48:41.701,124.0,False,VALID,VALID,6350.87,1,0f1a22c91d0f0def,55+,F
B1091,P1770,6F043,2025-08-18 11:37:36.951,PENDING,False,IndiGo,BOM,HYD,BOM-HYD,2026-04-20 17:17:41.701,2026-04-20 18:43:41.701,86.0,False,VALID,VALID,18319.05,3,a58c687e9ba1fd69,0-17,M
B1092,P1045,UK187,2026-03-18 11:37:36.951,CONFIRMED,True,Vistara,BLR,BOM,BLR-BOM,2026-04-20 16:52:41.703,2026-04-20 18:42:41.703,110.0,False,VALID,VALID,12815.44,3,d0cc71254d0d0f29,35-54,M
B1093,P1822,UK074,2025-05-11 11:37:36.951,CONFIRMED,True,Vistara,BOM,DEL,BOM-DEL,2026-04-20 16:44:41.702,2026-04-20 18:41:41.702,117.0,False,VALID,VALID,11382.47,3,a5a552c1a898df14,55+,M
B1094,P1330,UK004,2026-01-07 11:37:36.951,PENDING,False,Vistara,BOM,CCU,BOM-CCU,2026-04-20 17:56:41.700,2026-04-20 18:30:41.700,34.0,False,VALID,VALID,9633.27,3,2d8aa20384aacb9b,35-54,F
B1095,P1215,6F194,2025-07-30 11:37:36.951,CONFIRMED,True,IndiGo,BOM,CCU,BOM-CCU,2026-04-20 16:29:41.703,2026-04-20 18:27:41.703,118.0,False,VALID,VALID,16866.22,1,e60442d25bc5f693,55+,M
B1096,P1981,UK068,2026-01-03 11:37:36.951,PENDING,False,Vistara,BLR,MAA,BLR-MAA,2026-04-20 16:28:41.701,2026-04-20 18:09:41.701,101.0,False,VALID,VALID,10959.88,3,0fc6a280223ac3cf,55+,F
B1097,P1959,6F017,2025-08-26 11:37:36.951,UNKNOWN,False,IndiGo,CCU,BOM,CCU-BOM,2026-04-20 15:25:41.701,2026-04-20 18:06:41.701,161.0,False,VALID,VALID,0.0,0,ae0406e331f05b6c,35-54,M
B1098,P1491,6F245,2025-10-15 11:37:36.951,UNKNOWN,False,IndiGo,CCU,BOM,CCU-BOM,2026-04-20 15:25:41.701,2026-04-20 18:06:41.701,161.0,False,VALID,VALID,0.0,0,b0319151afd041ab,0-17,M
B1099,P1812,6F254,2025-12-07 11:37:36.951,CONFIRMED,True,Unknown,MAA,BLR,MAA-BLR,2026-04-20 14:26:41.703,2026-04-20 18:01:41.703,215.0,False,VALID,VALID,24161.75,1,a2e1a6df1b20d757,35-54,F
B1100,P1921,UK077,2026-03-05 11:37:36.951,CONFIRMED,True,UNKNOWN,HYD,BOM,HYD-BOM,2026-04-20 16:22:41.702,2026-04-20 18:00:41.702,98.0,False,VALID,VALID,22988.78,3,ddabb59a9826ea31,0-17,M
B1101,P1844,AI029,2025-07-19 11:37:36.951,CONFIRMED,True,Air India,MAA,DEL,MAA-DEL,2026-04-20 13:29:41.701,2026-04-20 17:53:41.701,264.0,False,VALID,VALID,18393.56,1,c754e805cc58c136,55+,F
B1102,P1448,SJ196,2025-10-06 11:37:36.951,UNKNOWN,False,SpiceJet,DEL,HYD,DEL-HYD,2026-04-20 14:58:41.703,2026-04-20 17:44:41.703,166.0,False,VALID,VALID,0.0,0,8dc928bdd6a7a790,0-17,M
B1103,P1535,AI242,2025-08-08 11:37:36.951,CANCELLED,False,UNKNOWN,BLR,CCU,BLR-CCU,2026-04-20 16:41:41.704,2026-04-20 17:43:41.704,62.0,False,VALID,VALID,0.0,0,7ff5d504e0d5d5b5,55+,F
B1104,P1510,AI242,2025-09-12 11:37:36.951,CANCELLED,False,UNKNOWN,BLR,CCU,BLR-CCU,2026-04-20 16:41:41.704,2026-04-20 17:43:41.704,62.0,False,VALID,VALID,0.0,0,4cdb726a24e12081,18-34,M
B1105,P1457,SJ044,2025-09-11 11:37:36.951,CONFIRMED,True,SpiceJet,DEL,CCU,DEL-CCU,2026-04-20 15:06:41.701,2026-04-20 17:43:41.701,157.0,False,VALID,VALID,18771.58,1,4941ef25075264b2,35-54,M
B1106,P1546,UK063,2025-09-01 11:37:36.951,CONFIRMED,True,Vistara,DEL,BOM,DEL-BOM,2026-04-20 16:29:41.701,2026-04-20 17:41:41.701,72.0,False,VALID,VALID,12885.95,1,593ce4cd123b30ba,0-17,F
B1107,P1535,AI056,2025-05-19 11:37:36.951,CONFIRMED,True,Air India,DEL,MAA,DEL-MAA,2026-04-20 13:44:41.701,2026-04-20 17:39:41.701,235.0,False,VALID,VALID,8989.31,3,7ff5d504e0d5d5b5,55+,F
B1108,P1539,UK207,2025-10-11 11:37:36.951,CANCELLED,False,Vistara,MAA,CCU,MAA-CCU,2026-04-20 16:21:41.703,2026-04-20 17:36:41.703,75.0,False,VALID,VALID,0.0,0,15258cca169e4b6f,55+,M
B1109,P1483,UK166,2025-12-03 11:37:36.951,CANCELLED,False,Vistara,HYD,MAA,HYD-MAA,2026-04-20 12:39:41.703,2026-04-20 17:32:41.703,293.0,False,VALID,VALID,0.0,0,5878c05908f7ccf9,35-54,F
B1110,P1975,6F261,2025-12-17 11:37:36.951,PENDING,False,Unknown,CCU,DEL,CCU-DEL,2026-04-20 14:31:41.703,2026-04-20 17:29:41.703,178.0,False,VALID,VALID,13027.08,3,661416e3639271e2,18-34,M
B1111,P1999,UK134,2025-12-25 11:37:36.951,CANCELLED,False,Vistara,HYD,CCU,HYD-CCU,2026-04-20 13:44:41.702,2026-04-20 17:26:41.702,222.0,False,VALID,VALID,0.0,0,dc8011c04d95da85,0-17,F
B1111,P1999,UK134,2025-12-25 11:37:36.951,CANCELLED,False,Vistara,HYD,CCU,HYD-CCU,2026-04-20 13:44:41.702,2026-04-20 17:26:41.702,222.0,False,VALID,VALID,0.0,0,dc8011c04d95da85,0-17,F
B1112,P1015,6F152,2025-10-02 11:37:36.951,PENDING,False,IndiGo,CCU,DEL,CCU-DEL,2026-04-20 15:21:41.703,2026-04-20 17:25:41.703,124.0,False,VALID,VALID,9731.05,3,79bfd5dc59b585de,55+,F
B1113,P1570,SJ089,2025-11-23 11:37:36.951,CONFIRMED,True,SpiceJet,HYD,CCU,HYD-CCU,2026-04-20 12:42:41.702,2026-04-20 17:15:41.702,273.0,False,VALID,VALID,15742.83,2,7f9551c5b1ad772e,0-17,M
B1114,P1976,6F123,2025-09-26 11:37:36.951,CANCELLED,False,IndiGo,DEL,HYD,DEL-HYD,2026-04-20 15:26:41.702,2026-04-20 17:12:41.702,106.0,False,VALID,VALID,0.0,0,3becf5df47bdff1d,55+,M
B1115,P1242,AI025,2025-08-23 11:37:36.951,CONFIRMED,True,Air India,HYD,DEL,HYD-DEL,2026-04-20 14:46:41.701,2026-04-20 17:11:41.701,145.0,False,VALID,VALID,21845.51,3,29cf2d89c3589449,55+,M
B1116,P1949,6F030,2025-12-05 11:37:36.951,CONFIRMED,True,IndiGo,BOM,DEL,BOM-DEL,2026-04-20 14:20:41.701,2026-04-20 17:10:41.701,170.0,False,VALID,VALID,19687.43,3,2300988a2e179648,0-17,M
B1117,P1206,SJ222,2025-09-02 11:37:36.951,CONFIRMED,True,SpiceJet,BOM,DEL,BOM-DEL,2026-04-20 14:15:41.703,2026-04-20 17:09:41.703,174.0,False,VALID,VALID,18828.19,3,f6d76e21aea6b49d,18-34,M
B1118,P1911,UK109,2026-04-03 11:37:36.951,CONFIRMED,True,Vistara,BLR,BOM,BLR-BOM,2026-04-20 16:06:41.702,2026-04-20 17:06:42.000,60.0,False,VALID,VALID,12506.05,2,807002ae2042fbff,55+,F
B1119,P1270,SJ117,2025-11-25 11:37:36.951,CANCELLED,False,SpiceJet,MAA,BLR,MAA-BLR,2026-04-20 13:10:41.702,2026-04-20 17:06:41.702,236.0,False,VALID,VALID,0.0,0,9a57d7ee1548ab67,18-34,M
B1120,P1760,SJ142,2025-08-12 11:37:36.951,CONFIRMED,True,SpiceJet,CCU,BOM,CCU-BOM,2026-04-20 15:14:41.702,2026-04-20 16:56:41.702,102.0,False,VALID,VALID,15850.16,3,3d686e842d77285c,55+,M
B1121,P1993,SJ142,2025-06-01 11:37:36.951,PENDING,False,SpiceJet,CCU,BOM,CCU-BOM,2026-04-20 15:14:41.702,2026-04-20 16:56:41.702,102.0,False,VALID,VALID,17296.63,1,e7c39412523d8efa,35-54,M
B1122,P1778,AI030,2025-05-02 11:37:36.951,CANCELLED,False,Air India,CCU,HYD,CCU-HYD,2026-04-20 13:33:41.701,2026-04-20 16:52:41.701,199.0,False,VALID,VALID,0.0,0,c6a585d0daae307a,35-54,F
B1123,P1704,6F097,2025-09-23 11:37:36.951,CONFIRMED,True,IndiGo,BLR,BOM,BLR-BOM,2026-04-20 15:32:41.702,2026-04-20 16:49:41.702,77.0,False,VALID,VALID,12147.76,2,42a4adc12f6a6b62,55+,F
B1124,P1846,6F129,2025-05-23 11:37:36.951,CANCELLED,False,IndiGo,DEL,CCU,DEL-CCU,2026-04-20 14:28:41.702,2026-04-20 16:47:41.702,139.0,False,VALID,VALID,0.0,0,307ef25359a956e7,0-17,M
B1125,P1729,6F181,2026-01-15 11:37:36.951,PENDING,False,IndiGo,BOM,MAA,BOM-MAA,2026-04-20 14:55:41.703,2026-04-20 16:43:41.703,108.0,False,VALID,VALID,13867.8,1,0d1b4b4a2c0c15d9,35-54,F
B1126,P1114,AI072,2025-10-20 11:37:36.951,CONFIRMED,True,Air India,BLR,CCU,BLR-CCU,2026-04-20 15:34:41.702,2026-04-20 16:32:41.702,58.0,False,VALID,VALID,10256.95,3,c7ccf6a417208a4d,18-34,F
B1127,P1579,SJ154,2025-06-29 11:37:36.951,PENDING,False,SpiceJet,BLR,HYD,BLR-HYD,2026-04-20 14:47:41.702,2026-04-20 16:26:41.702,99.0,False,VALID,VALID,6179.53,3,0569019098c7cf5a,0-17,F
B1128,P1298,AI031,2026-04-08 11:37:36.951,CONFIRMED,True,Air India,DEL,MAA,DEL-MAA,2026-04-20 13:05:41.701,2026-04-20 16:11:41.701,186.0,False,VALID,VALID,5274.87,2,fb8fab599298ca76,35-54,M
B1129,P1836,AI031,2025-09-18 11:37:36.951,PENDING,False,Air India,DEL,MAA,DEL-MAA,2026-04-20 13:05:41.701,2026-04-20 16:11:41.701,186.0,False,VALID,VALID,15928.18,2,fc778a3b0a051b6a,0-17,M
B1130,P1482,6F158,2025-12-26 11:37:36.951,CONFIRMED,True,IndiGo,CCU,MAA,CCU-MAA,2026-04-20 11:58:41.703,2026-04-20 16:04:41.703,246.0,False,VALID,VALID,6753.05,2,cd95778e61fcb9bc,18-34,M
B1131,P1396,6F184,2025-06-16 11:37:36.951,CANCELLED,False,IndiGo,MAA,BOM,MAA-BOM,2026-04-20 13:05:41.703,2026-04-20 16:04:41.703,179.0,False,VALID,VALID,0.0,0,0e699f0e06c390e5,35-54,F
B1132,P1393,UK141,2025-06-20 11:37:36.951,CONFIRMED,True,Unknown,HYD,MAA,HYD-MAA,2026-04-20 13:38:41.703,2026-04-20 15:59:41.703,141.0,False,VALID,VALID,15783.35,2,c4373c1b39af67a8,35-54,M
B1133,P1074,6F168,2025-12-29 11:37:36.951,CANCELLED,False,IndiGo,HYD,DEL,HYD-DEL,2026-04-20 12:18:41.703,2026-04-20 15:58:41.703,220.0,False,VALID,VALID,0.0,0,066e3f7ad551ebc8,18-34,F
B1134,P1977,6F051,2025-07-28 11:37:36.951,CONFIRMED,True,IndiGo,BLR,BOM,BLR-BOM,2026-04-20 13:58:41.701,2026-04-20 15:58:41.701,120.0,False,VALID,VALID,16000.14,2,9585a6fe9fdeb56c,55+,M
B1135,P1481,6F047,2025-12-02 11:37:36.951,CONFIRMED,True,IndiGo,MAA,DEL,MAA-DEL,2026-04-20 13:50:41.701,2026-04-20 15:55:41.701,125.0,False,VALID,VALID,3501.69,2,904f296ff2139cc8,55+,F
B1136,P1102,UK156,2025-10-26 11:37:36.951,PENDING,False,Vistara,MAA,BLR,MAA-BLR,2026-04-20 11:50:41.703,2026-04-20 15:54:41.703,244.0,False,VALID,VALID,24088.3,3,63ac4a24e48cfe89,0-17,F
B1136,P1102,UK156,2025-10-26 11:37:36.951,PENDING,False,Vistara,MAA,BLR,MAA-BLR,2026-04-20 11:50:41.703,2026-04-20 15:54:41.703,244.0,False,VALID,VALID,24088.3,3,63ac4a24e48cfe89,0-17,F
B1137,P1296,AI094,2025-09-01 11:37:36.951,PENDING,False,Air India,DEL,BLR,DEL-BLR,2026-04-20 14:44:41.702,2026-04-20 15:44:42.000,60.0,False,VALID,VALID,13610.68,3,05eea77c075ff732,0-17,F
B1138,P1177,AI038,2025-07-14 11:37:36.951,PENDING,False,Air India,HYD,MAA,HYD-MAA,2026-04-20 11:05:41.701,2026-04-20 15:44:41.701,279.0,False,VALID,VALID,20220.17,3,f5e5a48665b27bc2,55+,F
B1139,P1214,6F255,2026-01-19 11:37:36.951,CONFIRMED,True,Unknown,DEL,BOM,DEL-BOM,2026-04-20 11:59:41.703,2026-04-20 15:33:41.703,214.0,False,VALID,VALID,4820.06,2,304f4d73814c7a52,55+,M
B1140,P1966,SJ025,2026-01-23 11:37:36.951,CONFIRMED,True,SpiceJet,BOM,CCU,BOM-CCU,2026-04-20 12:02:41.701,2026-04-20 15:29:41.701,207.0,False,VALID,VALID,13706.48,2,bec7829794a0ab00,55+,M
B1141,P1314,SJ185,2025-10-28 11:37:36.951,CONFIRMED,True,SpiceJet,BOM,CCU,BOM-CCU,2026-04-20 14:21:41.703,2026-04-20 15:21:41.703,60.0,False,VALID,VALID,13795.55,2,3f99f09b8067da26,55+,M
B1142,P1038,6F259,2026-01-21 11:37:36.951,CANCELLED,False,Unknown,BOM,DEL,BOM-DEL,2026-04-20 14:10:41.703,2026-04-20 15:21:41.703,71.0,False,VALID,VALID,0.0,0,7eaf6cc62251837e,55+,M
B1143,P1258,6F073,2026-04-07 11:37:36.951,CANCELLED,False,IndiGo,DEL,CCU,DEL-CCU,2026-04-20 11:38:41.702,2026-04-20 15:18:41.702,220.0,False,VALID,VALID,0.0,0,5a9ab6e12ec4e942,55+,M
B1144,P1715,AI091,2025-09-26 11:37:36.951,CONFIRMED,True,Air India,CCU,MAA,CCU-MAA,2026-04-20 10:52:41.702,2026-04-20 15:15:41.702,263.0,False,VALID,VALID,13416.77,3,6c78ca347eb017af,0-17,M
B1145,P1006,6F191,2025-08-23 11:37:36.951,PENDING,False,IndiGo,BLR,DEL,BLR-DEL,2026-04-20 14:41:41.703,2026-04-20 15:11:41.703,30.0,False,VALID,VALID,8873.46,3,6db11620a17d5f39,55+,M
B1146,P1048,UK228,2025-08-30 11:37:36.951,PENDING,False,Vistara,DEL,MAA,DEL-MAA,2026-04-20 11:58:41.704,2026-04-20 15:08:41.704,190.0,False,VALID,VALID,10294.52,1,02ea7959f1cef0cf,55+,M
B1147,P1537,6F146,2026-03-25 11:37:36.951,PENDING,False,IndiGo,HYD,MAA,HYD-MAA,2026-04-20 13:51:41.703,2026-04-20 15:07:41.703,76.0,False,VALID,VALID,14454.79,1,d53bf95834e27066,55+,M
B1148,P1160,6F068,2025-10-13 11:37:36.951,CONFIRMED,True,IndiGo,BLR,HYD,BLR-HYD,2026-04-20 11:17:41.701,2026-04-20 15:06:41.701,229.0,False,VALID,VALID,12656.05,3,da273dc1a032c585,55+,F
B1149,P1868,SJ218,2026-01-08 11:37:36.951,PENDING,False,SpiceJet,DEL,HYD,DEL-HYD,2026-04-20 11:58:41.703,2026-04-20 15:03:41.703,185.0,False,VALID,VALID,3475.47,2,5c36f970d3364a38,55+,F
B1150,P1175,UK083,2025-09-25 11:37:36.951,CONFIRMED,True,Vistara,DEL,HYD,DEL-HYD,2026-04-20 14:10:41.702,2026-04-20 14:59:41.702,49.0,False,VALID,VALID,21178.42,3,664e6259d692132a,55+,F
B1151,P1590,SJ007,2026-01-18 11:37:36.951,CANCELLED,False,SpiceJet,BOM,CCU,BOM-CCU,2026-04-20 10:03:41.701,2026-04-20 14:53:41.701,290.0,False,VALID,VALID,0.0,0,66f71a9732d47fbf,35-54,M
B1152,P1001,AI077,2025-08-14 11:37:36.951,PENDING,False,Air India,CCU,HYD,CCU-HYD,2026-04-20 13:45:41.702,2026-04-20 14:51:41.702,66.0,False,VALID,VALID,6085.48,2,61d0f276b7160f04,0-17,M
B1153,P1894,UK017,2025-12-20 11:37:36.951,CANCELLED,False,Vistara,BLR,HYD,BLR-HYD,2026-04-20 13:14:41.701,2026-04-20 14:49:41.701,95.0,False,VALID,VALID,0.0,0,b4af8df90f7c1395,55+,F
B1154,P1454,6F229,2026-02-17 11:37:36.951,PENDING,False,IndiGo,MAA,DEL,MAA-DEL,2026-04-20 13:10:41.704,2026-04-20 14:30:41.704,80.0,False,VALID,VALID,5388.67,3,0a7fd94c6462ec54,0-17,M
B1155,P1927,6F074,2025-10-08 11:37:36.951,CONFIRMED,True,IndiGo,HYD,BOM,HYD-BOM,2026-04-20 11:09:41.702,2026-04-20 14:29:41.702,200.0,False,VALID,VALID,17789.28,2,88f7f4237aee1892,18-34,F
B1156,P1643,SJ088,2026-03-25 11:37:36.951,CONFIRMED,True,SpiceJet,CCU,MAA,CCU-MAA,2026-04-20 13:54:41.702,2026-04-20 14:26:41.702,32.0,False,VALID,VALID,9187.14,3,79ad6f8cc65209e0,0-17,M
B1157,P1275,SJ167,2025-06-28 11:37:36.951,CONFIRMED,True,SpiceJet,MAA,CCU,MAA-CCU,2026-04-20 13:18:41.703,2026-04-20 14:12:41.703,54.0,False,VALID,VALID,17507.3,1,299bf2b46c2d2014,55+,M
B1158,P1497,6F234,2025-07-20 11:37:36.951,CONFIRMED,True,IndiGo,BOM,DEL,BOM-DEL,2026-04-20 11:20:41.704,2026-04-20 14:11:41.704,171.0,False,VALID,VALID,18993.88,2,070c4bb71150965a,55+,M
B1159,P1628,UK071,2025-12-10 11:37:36.951,PENDING,False,Vistara,DEL,HYD,DEL-HYD,2026-04-20 10:50:41.701,2026-04-20 14:06:41.701,196.0,False,VALID,VALID,19910.24,3,8d7eeb17523b13f7,55+,M
B1160,P1675,AI178,2025-11-21 11:37:36.951,CANCELLED,False,Air India,CCU,BLR,CCU-BLR,2026-04-20 13:04:41.703,2026-04-20 14:03:41.703,59.0,False,VALID,VALID,0.0,0,841d6ff4bf515c14,0-17,F
B1161,P1799,UK104,2025-11-14 11:37:36.951,CONFIRMED,True,Vistara,DEL,BOM,DEL-BOM,2026-04-20 12:30:41.702,2026-04-20 13:52:41.702,82.0,False,VALID,VALID,23152.26,3,0bca6c5dd27f6abc,35-54,M
B1162,P1027,AI146,2025-04-22 11:37:36.951,UNKNOWN,False,Air India,BLR,DEL,BLR-DEL,2026-04-20 10:40:41.702,2026-04-20 13:46:41.702,186.0,False,VALID,VALID,0.0,0,8fe4a9cee575ed16,35-54,F
B1163,P1332,SJ235,2025-11-10 11:37:36.951,CANCELLED,False,SpiceJet,BOM,DEL,BOM-DEL,2026-04-20 09:57:41.704,2026-04-20 13:45:41.704,228.0,False,VALID,VALID,0.0,0,901331ea90015d4b,55+,M
B1164,P1000,6F209,2025-04-24 11:37:36.951,CONFIRMED,True,IndiGo,MAA,CCU,MAA-CCU,2026-04-20 08:40:41.703,2026-04-20 13:40:41.703,300.0,False,VALID,VALID,15206.75,3,031a60e86398d41d,35-54,F
B1165,P1187,AI129,2025-08-20 11:37:36.951,CANCELLED,False,Air India,BOM,CCU,BOM-CCU,2026-04-20 10:29:41.702,2026-04-20 13:38:41.702,189.0,False,VALID,VALID,0.0,0,d4b256a73ebbf0e5,55+,F
B1166,P1055,SJ141,2026-01-23 11:37:36.951,CONFIRMED,True,SpiceJet,CCU,DEL,CCU-DEL,2026-04-20 10:00:41.702,2026-04-20 13:37:41.702,217.0,False,VALID,VALID,21255.37,1,579c05dbb5c7c7fa,55+,M
B1167,P1546,SJ018,2026-02-02 11:37:36.951,CANCELLED,False,SpiceJet,BOM,CCU,BOM-CCU,2026-04-20 10:58:41.701,2026-04-20 13:31:41.701,153.0,False,VALID,VALID,0.0,0,593ce4cd123b30ba,0-17,F
B1168,P1111,UK120,2025-10-14 11:37:36.951,CANCELLED,False,Vistara,HYD,DEL,HYD-DEL,2026-04-20 09:19:41.702,2026-04-20 13:30:41.702,251.0,False,VALID,VALID,0.0,0,ee3da88980fa26db,18-34,F
B1169,P1797,AI078,2025-11-15 11:37:36.951,CONFIRMED,True,Air India,DEL,BOM,DEL-BOM,2026-04-20 08:58:41.702,2026-04-20 13:28:41.702,270.0,False,VALID,VALID,23963.79,3,95edae0cf7e42aad,35-54,F
B1170,P1309,AI079,2025-09-14 11:37:36.951,PENDING,False,Air India,CCU,BLR,CCU-BLR,2026-04-20 11:04:41.702,2026-04-20 13:19:41.702,135.0,False,VALID,VALID,9400.19,1,e28d79bc75f4ce24,18-34,M
B1171,P1035,UK087,2025-09-19 11:37:36.951,CANCELLED,False,Vistara,HYD,MAA,HYD-MAA,2026-04-20 09:49:41.702,2026-04-20 13:17:41.702,208.0,False,VALID,VALID,0.0,0,5e19490d12047195,35-54,F
B1172,P1438,UK133,2026-01-17 11:37:36.951,CONFIRMED,True,Vistara,BOM,DEL,BOM-DEL,2026-04-20 10:04:41.702,2026-04-20 13:16:41.702,192.0,False,VALID,VALID,8631.23,1,d4ccbfadbe630f46,35-54,F
B1173,P1728,AI222,2025-06-01 11:37:36.951,CANCELLED,False,UNKNOWN,BOM,DEL,BOM-DEL,2026-04-20 12:10:41.703,2026-04-20 13:14:41.703,64.0,False,VALID,VALID,0.0,0,3f6a683ad204b51f,55+,F
B1173,P1728,AI222,2025-06-01 11:37:36.951,CANCELLED,False,UNKNOWN,BOM,DEL,BOM-DEL,2026-04-20 12:10:41.703,2026-04-20 13:14:41.703,64.0,False,VALID,VALID,0.0,0,3f6a683ad204b51f,55+,F
B1174,P1591,6F049,2026-04-12 11:37:36.951,CANCELLED,False,IndiGo,HYD,DEL,HYD-DEL,2026-04-20 10:00:41.701,2026-04-20 13:13:41.701,193.0,False,VALID,VALID,0.0,0,977c3154ed97450c,0-17,M
B1175,P1825,6F105,2026-01-29 11:37:36.951,PENDING,False,IndiGo,BLR,BOM,BLR-BOM,2026-04-20 11:46:41.702,2026-04-20 12:58:41.702,72.0,False,VALID,VALID,3988.03,2,f1e921ffaf861ea3,55+,M
B1176,P1594,SJ226,2025-04-17 11:37:36.951,CANCELLED,False,SpiceJet,HYD,BOM,HYD-BOM,2026-04-20 08:47:41.704,2026-04-20 12:54:41.704,247.0,False,VALID,VALID,0.0,0,09f49ca188dacbc0,18-34,F
B1177,P1576,SJ227,2025-07-29 11:37:36.951,CANCELLED,False,SpiceJet,BOM,CCU,BOM-CCU,2026-04-20 08:32:41.704,2026-04-20 12:53:41.704,261.0,False,VALID,VALID,0.0,0,8debcd3aea9b9245,35-54,M
B1178,P1324,6F034,2026-02-05 11:37:36.951,CONFIRMED,True,IndiGo,BOM,DEL,BOM-DEL,2026-04-20 11:53:41.701,2026-04-20 12:49:41.701,56.0,False,VALID,VALID,22616.9,2,ea2b1af5291e12c0,18-34,F
B1179,P1639,SJ078,2025-10-03 11:37:36.951,CONFIRMED,True,SpiceJet,DEL,HYD,DEL-HYD,2026-04-20 09:41:41.701,2026-04-20 12:49:41.701,188.0,False,VALID,VALID,19469.38,2,0edb4edcab53e7bd,0-17,M
B1180,P1306,AI240,2026-04-10 11:37:36.951,PENDING,False,Air India,MAA,DEL,MAA-DEL,2026-04-20 10:19:41.704,2026-04-20 12:46:41.704,147.0,False,VALID,VALID,22597.43,2,745580e3e72a6d67,35-54,F
B1181,P1533,SJ002,2026-03-29 11:37:36.951,CANCELLED,False,SpiceJet,DEL,BOM,DEL-BOM,2026-04-20 07:54:41.701,2026-04-20 12:40:41.701,286.0,False,VALID,VALID,0.0,0,9c98c8b1d89a4e55,35-54,F
B1182,P1727,AI044,2025-08-11 11:37:36.951,CANCELLED,False,UNKNOWN,MAA,BLR,MAA-BLR,2026-04-20 09:03:41.701,2026-04-20 12:36:41.701,213.0,False,VALID,VALID,0.0,0,8327c2ee1689aa6d,18-34,M
B1182,P1727,AI044,2025-08-11 11:37:36.951,CANCELLED,False,UNKNOWN,MAA,BLR,MAA-BLR,2026-04-20 09:03:41.701,2026-04-20 12:36:41.701,213.0,False,VALID,VALID,0.0,0,8327c2ee1689aa6d,18-34,M
B1183,P1618,UK076,2025-06-22 11:37:36.951,CANCELLED,False,Vistara,MAA,CCU,MAA-CCU,2026-04-20 08:03:41.702,2026-04-20 12:26:41.702,263.0,False,VALID,VALID,0.0,0,d871d6c1b0f4950d,35-54,F
B1184,P1108,6F232,2025-08-01 11:37:36.951,PENDING,False,IndiGo,MAA,BLR,MAA-BLR,2026-04-20 10:39:41.704,2026-04-20 12:22:41.704,103.0,False,VALID,VALID,19984.27,2,696200fd839848b1,0-17,M
B1184,P1108,6F232,2025-08-01 11:37:36.951,PENDING,False,IndiGo,MAA,BLR,MAA-BLR,2026-04-20 10:39:41.704,2026-04-20 12:22:41.704,103.0,False,VALID,VALID,19984.27,2,696200fd839848b1,0-17,M
B1185,P1371,SJ228,2025-08-16 11:37:36.951,CANCELLED,False,SpiceJet,BOM,CCU,BOM-CCU,2026-04-20 08:29:41.704,2026-04-20 12:16:41.704,227.0,False,VALID,VALID,0.0,0,7e8681b0b5dcad0d,0-17,M
B1186,P1356,SJ074,2026-04-04 11:37:36.951,CONFIRMED,True,SpiceJet,DEL,CCU,DEL-CCU,2026-04-20 11:21:41.701,2026-04-20 12:02:41.701,41.0,False,VALID,VALID,11220.47,2,8d8f20ae93511da1,35-54,F
B1187,P1180,UK229,2025-08-04 11:37:36.951,PENDING,False,UNKNOWN,HYD,DEL,HYD-DEL,2026-04-20 07:40:41.704,2026-04-20 11:57:41.704,257.0,False,VALID,VALID,5078.27,2,54a5a8bf692038b5,0-17,F
B1188,P1355,AI208,2026-04-04 11:37:36.951,CONFIRMED,True,Air India,BLR,BOM,BLR-BOM,2026-04-20 08:38:41.703,2026-04-20 11:52:41.703,194.0,False,VALID,VALID,19429.37,1,e34896f79a0e0759,35-54,F
B1189,P1675,AI019,2025-11-23 11:37:36.951,CONFIRMED,True,Air India,BOM,CCU,BOM-CCU,2026-04-20 10:49:41.701,2026-04-20 11:51:41.701,62.0,False,VALID,VALID,8774.13,1,841d6ff4bf515c14,0-17,F
B1190,P1067,6F029,2025-05-23 11:37:36.951,PENDING,False,IndiGo,BOM,BLR,BOM-BLR,2026-04-20 07:31:41.701,2026-04-20 11:45:41.701,254.0,False,VALID,VALID,23609.89,2,ea46dd84b5852d6a,0-17,F
B1191,P1291,6F018,2025-04-27 11:37:36.951,CONFIRMED,True,IndiGo,DEL,BLR,DEL-BLR,2026-04-20 10:57:41.701,2026-04-20 11:43:41.701,46.0,False,VALID,VALID,8301.35,3,24cc460298985b5a,35-54,M
B1192,P1691,AI059,2025-06-23 11:37:36.951,CANCELLED,False,Air India,CCU,DEL,CCU-DEL,2026-04-20 09:16:41.701,2026-04-20 11:43:41.701,147.0,False,VALID,VALID,0.0,0,63fe68f9c14d380c,18-34,M
B1193,P1180,AI159,2025-05-22 11:37:36.951,PENDING,False,Air India,HYD,BLR,HYD-BLR,2026-04-20 09:23:41.703,2026-04-20 11:36:41.703,133.0,False,VALID,VALID,21284.48,3,54a5a8bf692038b5,0-17,F
B1194,P1465,6F091,2025-07-11 11:37:36.951,CONFIRMED,True,IndiGo,BLR,CCU,BLR-CCU,2026-04-20 10:10:41.702,2026-04-20 11:36:41.702,86.0,False,VALID,VALID,6372.25,2,71fc9efcf34b34c0,18-34,M
B1195,P1433,6F084,2025-07-20 11:37:36.951,CANCELLED,False,IndiGo,CCU,HYD,CCU-HYD,2026-04-20 10:34:41.702,2026-04-20 11:34:42.000,60.0,False,VALID,VALID,0.0,0,7cc494ed01333ca3,18-34,F
B1196,P1463,UK170,2026-01-15 11:37:36.951,CANCELLED,False,Vistara,BOM,BLR,BOM-BLR,2026-04-20 09:42:41.703,2026-04-20 11:32:41.703,110.0,False,VALID,VALID,0.0,0,409613d90acdde04,0-17,F
B1197,P1680,UK212,2025-05-19 11:37:36.951,CONFIRMED,True,Vistara,HYD,MAA,HYD-MAA,2026-04-20 10:46:41.704,2026-04-20 11:31:41.704,45.0,False,VALID,VALID,22240.36,1,30e4512135119c35,55+,M
B1198,P1913,SJ022,2025-06-16 11:37:36.951,UNKNOWN,False,SpiceJet,DEL,BLR,DEL-BLR,2026-04-20 07:56:41.701,2026-04-20 11:07:41.701,191.0,False,VALID,VALID,0.0,0,86d87cbac905451c,55+,F
B1199,P1533,SJ075,2025-12-13 11:37:36.951,PENDING,False,SpiceJet,MAA,BLR,MAA-BLR,2026-04-20 09:26:41.701,2026-04-20 11:03:41.701,97.0,False,VALID,VALID,9827.12,2,9c98c8b1d89a4e55,35-54,F
B1200,P1065,UK177,2025-09-17 11:37:36.951,CONFIRMED,True,Vistara,DEL,HYD,DEL-HYD,2026-04-20 06:21:41.703,2026-04-20 10:50:41.703,269.0,False,VALID,VALID,20102.91,2,44f4c40b2d4180be,0-17,F
B1201,P1020,UK206,2026-02-01 11:37:36.951,CANCELLED,False,Vistara,MAA,BLR,MAA-BLR,2026-04-20 06:01:41.703,2026-04-20 10:34:41.703,273.0,False,VALID,VALID,0.0,0,4106a53da67785e5,55+,M
B1202,P1611,UK079,2025-04-29 11:37:36.951,CANCELLED,False,Vistara,DEL,BLR,DEL-BLR,2026-04-20 06:43:41.702,2026-04-20 10:34:41.702,231.0,False,VALID,VALID,0.0,0,0569abad026a1d11,0-17,F
B1203,P1383,UK040,2025-06-21 11:37:36.951,CONFIRMED,True,Vistara,HYD,CCU,HYD-CCU,2026-04-20 09:15:41.701,2026-04-20 10:32:41.701,77.0,False,VALID,VALID,6165.75,3,b56dbde0e0be2b56,18-34,M
B1204,P1811,AI034,2025-07-25 11:37:36.951,CONFIRMED,True,Air India,DEL,BOM,DEL-BOM,2026-04-20 05:48:41.701,2026-04-20 10:31:41.701,283.0,False,VALID,VALID,3306.6,1,1881045f69a737bc,0-17,F
B1204,P1811,AI034,2025-07-25 11:37:36.951,CONFIRMED,True,Air India,DEL,BOM,DEL-BOM,2026-04-20 05:48:41.701,2026-04-20 10:31:41.701,283.0,False,VALID,VALID,3306.6,1,1881045f69a737bc,0-17,F
B1204,P1811,AI034,2025-07-25 11:37:36.951,CONFIRMED,True,Air India,DEL,BOM,DEL-BOM,2026-04-20 05:48:41.701,2026-04-20 10:31:41.701,283.0,False,VALID,VALID,3306.6,1,1881045f69a737bc,0-17,F
B1205,P1614,UK034,2025-10-18 11:37:36.951,CONFIRMED,True,Vistara,DEL,BLR,DEL-BLR,2026-04-20 06:47:41.701,2026-04-20 10:11:41.701,204.0,False,VALID,VALID,8052.43,1,43162d4ec9ebb8ca,55+,F
B1206,P1558,AI088,2025-07-02 11:37:36.951,CONFIRMED,True,UNKNOWN,MAA,DEL,MAA-DEL,2026-04-20 06:34:41.702,2026-04-20 10:10:41.702,216.0,False,VALID,VALID,5900.09,3,bba5061a33d739cf,35-54,M
B1207,P1038,AI128,2025-06-11 11:37:36.951,PENDING,False,Unknown,BOM,CCU,BOM-CCU,2026-04-20 06:07:41.702,2026-04-20 10:03:41.702,236.0,False,VALID,VALID,17908.49,3,7eaf6cc62251837e,55+,M
B1208,P1284,SJ052,2025-07-22 11:37:36.951,UNKNOWN,False,SpiceJet,MAA,BLR,MAA-BLR,2026-04-20 08:20:41.701,2026-04-20 09:57:41.701,97.0,False,VALID,VALID,0.0,0,92eb1a7f77b6b0b1,55+,M
B1209,P1821,AI233,2025-12-15 11:37:36.951,PENDING,False,Air India,BLR,BOM,BLR-BOM,2026-04-20 08:04:41.704,2026-04-20 09:52:41.704,108.0,False,VALID,VALID,14139.26,1,fe806d818988e5ee,55+,M
B1210,P1601,AI012,2026-01-20 11:37:36.951,PENDING,False,Air India,BOM,CCU,BOM-CCU,2026-04-20 05:44:41.701,2026-04-20 09:47:41.701,243.0,False,VALID,VALID,18273.77,1,f0316f28ef6214df,35-54,M
B1211,P1596,AI084,2025-07-07 11:37:36.951,CONFIRMED,True,Air India,BOM,HYD,BOM-HYD,2026-04-20 08:31:41.702,2026-04-20 09:46:41.702,75.0,False,VALID,VALID,15784.57,2,9c90f9d7d09cf46d,55+,M
B1212,P1784,6F126,2025-07-08 11:37:36.951,PENDING,False,IndiGo,CCU,MAA,CCU-MAA,2026-04-20 08:21:41.702,2026-04-20 09:39:41.702,78.0,False,VALID,VALID,7395.06,2,611287edff2d9e60,55+,F
B1213,P1335,SJ061,2025-06-16 11:37:36.951,CONFIRMED,True,SpiceJet,MAA,BLR,MAA-BLR,2026-04-20 06:38:41.701,2026-04-20 09:35:41.701,177.0,False,VALID,VALID,20690.74,3,d1406331ab9ef39a,55+,F
B1214,P1187,UK194,2025-08-14 11:37:36.951,UNKNOWN,False,Vistara,CCU,BOM,CCU-BOM,2026-04-20 08:26:41.703,2026-04-20 09:26:42.000,60.0,False,VALID,VALID,0.0,0,d4b256a73ebbf0e5,55+,F
B1215,P1670,AI135,2025-08-08 11:37:36.951,CANCELLED,False,Air India,BLR,BOM,BLR-BOM,2026-04-20 06:40:41.702,2026-04-20 09:21:41.702,161.0,False,VALID,VALID,0.0,0,7ae8dcbe94a54464,55+,M
B1216,P1242,6F238,2025-12-09 11:37:36.951,CONFIRMED,True,IndiGo,BOM,DEL,BOM-DEL,2026-04-20 08:31:41.704,2026-04-20 09:19:41.704,48.0,False,VALID,VALID,5883.27,3,29cf2d89c3589449,55+,M
B1217,P1072,6F092,2026-03-19 11:37:36.951,CANCELLED,False,IndiGo,MAA,BLR,MAA-BLR,2026-04-20 08:39:41.702,2026-04-20 09:15:41.702,36.0,False,VALID,VALID,0.0,0,08cb2d3a1162156f,18-34,M
B1218,P1478,AI213,2025-11-13 11:37:36.951,PENDING,False,Air India,HYD,CCU,HYD-CCU,2026-04-20 08:03:41.703,2026-04-20 09:14:41.703,71.0,False,VALID,VALID,23406.38,1,2a54a8854f5f1608,35-54,M
B1219,P1973,UK193,2026-02-15 11:37:36.951,CANCELLED,False,Vistara,HYD,DEL,HYD-DEL,2026-04-20 08:39:41.703,2026-04-20 09:14:41.703,35.0,False,VALID,VALID,0.0,0,148b9ad00dca1b3d,35-54,F
B1220,P1560,6F178,2026-04-04 11:37:36.951,PENDING,False,IndiGo,BOM,CCU,BOM-CCU,2026-04-20 04:48:41.703,2026-04-20 09:11:41.703,263.0,False,VALID,VALID,9620.87,2,46c37b0969c071f4,0-17,M
B1221,P1100,AI158,2026-03-06 11:37:36.951,CONFIRMED,True,Air India,CCU,DEL,CCU-DEL,2026-04-20 06:04:41.703,2026-04-20 09:01:41.703,177.0,False,VALID,VALID,13748.85,2,89fef259b03bd24a,0-17,M
B1222,P1513,UK208,2026-03-30 11:37:36.951,PENDING,False,Vistara,DEL,CCU,DEL-CCU,2026-04-20 03:54:41.704,2026-04-20 08:51:41.704,297.0,False,VALID,VALID,17583.01,3,1fa22c4b51a16d10,35-54,M
B1223,P1755,6F056,2026-04-09 11:37:36.951,UNKNOWN,False,IndiGo,BOM,MAA,BOM-MAA,2026-04-20 07:00:41.701,2026-04-20 08:49:41.701,109.0,False,VALID,VALID,0.0,0,b63f0c822b6e830a,55+,M
B1224,P1175,UK185,2025-10-26 11:37:36.951,CONFIRMED,True,Vistara,DEL,MAA,DEL-MAA,2026-04-20 07:31:41.703,2026-04-20 08:48:41.703,77.0,False,VALID,VALID,9301.82,1,664e6259d692132a,55+,F
B1225,P1237,AI163,2026-01-13 11:37:36.951,PENDING,False,Air India,HYD,MAA,HYD-MAA,2026-04-20 07:45:41.703,2026-04-20 08:46:41.703,61.0,False,VALID,VALID,23345.79,3,f783d91c35c82895,55+,F
B1226,P1909,AI112,2025-08-23 11:37:36.951,CONFIRMED,True,Air India,DEL,BLR,DEL-BLR,2026-04-20 04:41:41.702,2026-04-20 08:24:41.702,223.0,False,VALID,VALID,3546.91,2,2bb472f799372f4d,0-17,M
B1227,P1058,AI227,2025-10-23 11:37:36.951,CANCELLED,False,Air India,BLR,MAA,BLR-MAA,2026-04-20 04:31:41.703,2026-04-20 08:17:41.703,226.0,False,VALID,VALID,0.0,0,c1a316f03b3ae5a2,0-17,F
B1228,P1864,SJ083,2026-04-17 11:37:36.951,CONFIRMED,True,SpiceJet,MAA,BLR,MAA-BLR,2026-04-20 05:13:41.702,2026-04-20 08:17:41.702,184.0,False,VALID,VALID,16947.45,3,cbce641144893404,55+,M
B1229,P1098,UK073,2026-02-07 11:37:36.951,CONFIRMED,True,Vistara,BLR,CCU,BLR-CCU,2026-04-20 03:59:41.702,2026-04-20 08:09:41.702,250.0,False,VALID,VALID,5329.74,1,a283a09aa25e7484,55+,F
B1230,P1953,6F169,2025-04-29 11:37:36.951,PENDING,False,IndiGo,BOM,DEL,BOM-DEL,2026-04-20 03:27:41.703,2026-04-20 08:06:41.703,279.0,False,VALID,VALID,6087.47,2,bb36064338c667e5,55+,F
B1231,P1870,UK154,2026-04-06 11:37:36.951,CANCELLED,False,Vistara,MAA,HYD,MAA-HYD,2026-04-20 04:00:41.703,2026-04-20 07:57:41.703,237.0,False,VALID,VALID,0.0,0,9e9cdc2bf4b91e70,55+,F
B1232,P1953,SJ169,2025-10-06 11:37:36.951,CONFIRMED,True,SpiceJet,BOM,MAA,BOM-MAA,2026-04-20 03:10:41.703,2026-04-20 07:56:41.703,286.0,False,VALID,VALID,24257.1,1,bb36064338c667e5,55+,F
B1233,P1494,6F187,2025-05-13 11:37:36.951,CANCELLED,False,IndiGo,BOM,MAA,BOM-MAA,2026-04-20 03:19:41.703,2026-04-20 07:37:41.703,258.0,False,VALID,VALID,0.0,0,0f1a22c91d0f0def,55+,F
B1234,P1946,UK210,2025-11-21 11:37:36.951,CANCELLED,False,Vistara,DEL,CCU,DEL-CCU,2026-04-20 06:35:41.704,2026-04-20 07:30:41.704,55.0,False,VALID,VALID,0.0,0,f6b417a876311203,0-17,M
B1235,P1979,6F250,2025-12-23 11:37:36.951,PENDING,False,UNKNOWN,DEL,BLR,DEL-BLR,2026-04-20 03:26:41.701,2026-04-20 07:30:41.701,244.0,False,VALID,VALID,20695.94,3,7da056615e9de440,0-17,M
B1235,P1979,6F250,2025-12-23 11:37:36.951,PENDING,False,UNKNOWN,CCU,BLR,CCU-BLR,2026-04-20 02:23:41.702,2026-04-20 02:56:41.702,33.0,False,VALID,VALID,13282.4,1,7da056615e9de440,0-17,M
B1236,P1513,AI062,2025-07-05 11:37:36.951,CONFIRMED,True,Air India,MAA,DEL,MAA-DEL,2026-04-20 06:49:41.701,2026-04-20 07:25:41.701,36.0,False,VALID,VALID,20264.8,2,1fa22c4b51a16d10,35-54,M
B1237,P1754,AI047,2025-11-16 11:37:36.951,UNKNOWN,False,Unknown,CCU,MAA,CCU-MAA,2026-04-20 06:36:41.701,2026-04-20 07:23:41.701,47.0,False,VALID,VALID,0.0,0,c8825a62bdff38dd,18-34,M
B1238,P1296,SJ186,2025-10-20 11:37:36.951,UNKNOWN,False,SpiceJet,CCU,DEL,CCU-DEL,2026-04-20 05:11:41.703,2026-04-20 07:22:41.703,131.0,False,VALID,VALID,0.0,0,05eea77c075ff732,0-17,F
B1239,P1210,AI217,2025-11-17 11:37:36.951,CANCELLED,False,Air India,CCU,BLR,CCU-BLR,2026-04-20 04:57:41.703,2026-04-20 07:14:41.703,137.0,False,VALID,VALID,0.0,0,022b671b6c1a787f,18-34,F
B1240,P1122,UK100,2025-12-31 11:37:36.951,CONFIRMED,True,Vistara,CCU,BLR,CCU-BLR,2026-04-20 04:40:41.702,2026-04-20 07:12:41.702,152.0,False,VALID,VALID,20529.98,3,5c67efc01eb595f2,18-34,M
B1241,P1228,UK116,2025-12-16 11:37:36.951,CONFIRMED,True,Vistara,CCU,BOM,CCU-BOM,2026-04-20 03:18:41.702,2026-04-20 07:06:41.702,228.0,False,VALID,VALID,8118.1,2,af73e26b43f653fd,55+,F
B1242,P1593,6F036,2025-12-01 11:37:36.951,CANCELLED,False,IndiGo,CCU,BLR,CCU-BLR,2026-04-20 02:14:41.701,2026-04-20 06:57:41.701,283.0,False,VALID,VALID,0.0,0,266db57c2806a8da,55+,F
B1243,P1655,AI175,2026-01-22 11:37:36.951,CANCELLED,False,Air India,BOM,HYD,BOM-HYD,2026-04-20 03:08:41.703,2026-04-20 06:55:41.703,227.0,False,VALID,VALID,0.0,0,ae639e6b01fba028,0-17,M
B1244,P1387,UK051,2025-08-18 11:37:36.951,CONFIRMED,True,Vistara,HYD,DEL,HYD-DEL,2026-04-20 03:55:41.701,2026-04-20 06:55:41.701,180.0,False,VALID,VALID,22090.26,2,7ae0a3e744a2bd37,18-34,F
B1245,P1139,6F201,2026-04-17 11:37:36.951,UNKNOWN,False,IndiGo,CCU,BOM,CCU-BOM,2026-04-20 02:09:41.703,2026-04-20 06:49:41.703,280.0,False,VALID,VALID,0.0,0,ddb723773923fb83,0-17,F
B1246,P1540,6F230,2026-04-09 11:37:36.951,CONFIRMED,True,IndiGo,CCU,BLR,CCU-BLR,2026-04-20 03:34:41.704,2026-04-20 06:47:41.704,193.0,False,VALID,VALID,12076.57,2,7f7a4a05ac7584dc,18-34,F
B1247,P1390,SJ138,2025-08-13 11:37:36.951,CANCELLED,False,Unknown,BLR,BOM,BLR-BOM,2026-04-20 05:55:41.702,2026-04-20 06:43:41.702,48.0,False,VALID,VALID,0.0,0,081a2b17323ae201,55+,F
B1248,P1269,AI246,2026-03-04 11:37:36.951,PENDING,False,Air India,BOM,BLR,BOM-BLR,2026-04-20 03:22:41.704,2026-04-20 06:41:41.704,199.0,False,VALID,VALID,12369.41,2,bfbd09d804a4325c,18-34,M
B1249,P1758,6F179,2025-06-06 11:37:36.951,CANCELLED,False,IndiGo,HYD,MAA,HYD-MAA,2026-04-20 02:25:41.703,2026-04-20 06:40:41.703,255.0,False,VALID,VALID,0.0,0,255778825079acb5,35-54,M
B1250,P1011,6F031,2026-01-28 11:37:36.951,CANCELLED,False,IndiGo,BOM,BLR,BOM-BLR,2026-04-20 02:00:41.701,2026-04-20 06:37:41.701,277.0,False,VALID,VALID,0.0,0,c778c14fe604ebd8,0-17,M
B1251,P1866,UK015,2025-08-30 11:37:36.951,PENDING,False,Vistara,BLR,BOM,BLR-BOM,2026-04-20 04:46:41.701,2026-04-20 06:33:41.701,107.0,False,VALID,VALID,12985.73,3,075f6dd5d6befe2e,55+,F
B1252,P1388,UK001,2025-04-21 11:37:36.951,CANCELLED,False,Vistara,CCU,DEL,CCU-DEL,2026-04-20 05:06:41.700,2026-04-20 06:31:41.700,85.0,False,VALID,VALID,0.0,0,37b790ac45eacb4d,55+,M
B1253,P1336,6F133,2026-02-27 11:37:36.951,CANCELLED,False,IndiGo,MAA,BLR,MAA-BLR,2026-04-20 04:38:41.702,2026-04-20 06:25:41.702,107.0,False,VALID,VALID,0.0,0,925ec241dafb2b93,18-34,M
B1254,P1505,6F143,2025-07-22 11:37:36.951,CANCELLED,False,IndiGo,CCU,DEL,CCU-DEL,2026-04-20 02:09:41.702,2026-04-20 06:08:41.702,239.0,False,VALID,VALID,0.0,0,b3b2bddc4a1da019,55+,F
B1255,P1105,UK165,2025-09-22 11:37:36.951,CANCELLED,False,Vistara,DEL,BLR,DEL-BLR,2026-04-20 01:51:41.703,2026-04-20 06:04:41.703,253.0,False,VALID,VALID,0.0,0,10d6d6ecb2a19a22,55+,F
B1256,P1031,6F083,2025-08-10 11:37:36.951,CANCELLED,False,IndiGo,BLR,DEL,BLR-DEL,2026-04-20 05:24:41.702,2026-04-20 06:03:41.702,39.0,False,VALID,VALID,0.0,0,93847cd98056474b,55+,M
B1257,P1073,AI082,2025-08-19 11:37:36.951,CANCELLED,False,Air India,DEL,CCU,DEL-CCU,2026-04-20 03:19:41.702,2026-04-20 06:01:41.702,162.0,False,VALID,VALID,0.0,0,af515aa38deed73c,35-54,M
B1258,P1170,AI164,2025-10-28 11:37:36.951,CANCELLED,False,Air India,DEL,BLR,DEL-BLR,2026-04-20 03:57:41.703,2026-04-20 05:45:41.703,108.0,False,VALID,VALID,0.0,0,10001017dbdb645c,55+,F
B1259,P1848,SJ155,2026-01-19 11:37:36.951,CANCELLED,False,SpiceJet,DEL,CCU,DEL-CCU,2026-04-20 00:38:41.702,2026-04-20 05:38:41.702,300.0,False,VALID,VALID,0.0,0,b884baa483ed6346,18-34,M
B1260,P1068,AI189,2026-01-04 11:37:36.951,CANCELLED,False,Air India,CCU,DEL,CCU-DEL,2026-04-20 03:44:41.703,2026-04-20 05:32:41.703,108.0,False,VALID,VALID,0.0,0,2160872f2e614a13,35-54,M
B1261,P1812,SJ057,2025-12-21 11:37:36.951,CONFIRMED,True,SpiceJet,BOM,CCU,BOM-CCU,2026-04-20 02:17:41.701,2026-04-20 05:29:41.701,192.0,False,VALID,VALID,9827.36,3,a2e1a6df1b20d757,35-54,F
B1262,P1361,SJ198,2025-05-07 11:37:36.951,CONFIRMED,True,SpiceJet,CCU,BOM,CCU-BOM,2026-04-20 00:47:41.703,2026-04-20 05:28:41.703,281.0,False,VALID,VALID,6165.18,3,2b4d0c8fdf599c05,18-34,F
B1263,P1648,6F122,2026-01-03 11:37:36.951,CANCELLED,False,IndiGo,DEL,BLR,DEL-BLR,2026-04-20 01:44:41.702,2026-04-20 05:28:41.702,224.0,False,VALID,VALID,0.0,0,29b50a0cf1005354,0-17,M
B1264,P1432,SJ097,2026-04-15 11:37:36.951,CONFIRMED,True,SpiceJet,BOM,CCU,BOM-CCU,2026-04-20 02:37:41.702,2026-04-20 05:27:41.702,170.0,False,VALID,VALID,6641.7,3,20e09fcd1bcdf6ad,55+,F
B1265,P1928,UK203,2025-08-06 11:37:36.951,PENDING,False,Vistara,BLR,HYD,BLR-HYD,2026-04-20 04:12:41.703,2026-04-20 05:24:41.703,72.0,False,VALID,VALID,9263.84,1,b24576ecd2ed6403,0-17,M
B1266,P1995,UK093,2026-01-16 11:37:36.951,CONFIRMED,True,Vistara,HYD,CCU,HYD-CCU,2026-04-20 04:31:41.702,2026-04-20 05:21:41.702,50.0,False,VALID,VALID,6379.49,1,ae811a447c699265,18-34,F
B1267,P1099,AI205,2025-05-21 11:37:36.951,CANCELLED,False,Air India,BLR,BOM,BLR-BOM,2026-04-20 03:26:41.703,2026-04-20 05:14:41.703,108.0,False,VALID,VALID,0.0,0,8249f45e7acc37f4,55+,F
B1268,P1657,AI102,2026-01-16 11:37:36.951,UNKNOWN,False,Air India,CCU,BLR,CCU-BLR,2026-04-20 00:17:41.702,2026-04-20 05:08:41.702,291.0,False,VALID,VALID,0.0,0,ae37fa4a6e4efefd,0-17,F
B1269,P1008,6F046,2025-09-06 11:37:36.951,CONFIRMED,True,IndiGo,DEL,BLR,DEL-BLR,2026-04-20 01:27:41.701,2026-04-20 05:08:41.701,221.0,False,VALID,VALID,4218.7,1,79d3e921288b3e1e,55+,M
B1270,P1573,SJ017,2025-06-02 11:37:36.951,UNKNOWN,False,SpiceJet,DEL,MAA,DEL-MAA,2026-04-20 02:57:41.701,2026-04-20 05:00:41.701,123.0,False,VALID,VALID,0.0,0,dc3fb38aab9df1c8,35-54,F
B1271,P1696,6F156,2025-10-20 11:37:36.951,PENDING,False,IndiGo,MAA,BOM,MAA-BOM,2026-04-20 02:23:41.703,2026-04-20 04:57:41.703,154.0,False,VALID,VALID,4174.4,1,afd81ec419f86cb4,18-34,M
B1272,P1028,AI068,2025-07-18 11:37:36.951,PENDING,False,Air India,BOM,BLR,BOM-BLR,2026-04-20 02:48:41.702,2026-04-20 04:48:42.000,120.0,False,VALID,VALID,16005.16,1,323969a7963eafc6,55+,F
B1273,P1892,AI150,2025-06-05 11:37:36.951,UNKNOWN,False,Air India,BOM,DEL,BOM-DEL,2026-04-20 03:51:41.703,2026-04-20 04:38:41.703,47.0,False,VALID,VALID,0.0,0,cd605f21ec12328c,55+,F
B1274,P1113,UK008,2025-10-15 11:37:36.951,PENDING,False,Vistara,CCU,BLR,CCU-BLR,2026-04-20 03:57:41.701,2026-04-20 04:34:41.701,37.0,False,VALID,VALID,11659.87,3,c30107be7574bf25,35-54,F
B1275,P1461,6F166,2025-07-11 11:37:36.951,PENDING,False,IndiGo,BOM,CCU,BOM-CCU,2026-04-20 00:03:41.703,2026-04-20 04:33:41.703,270.0,False,VALID,VALID,9995.8,3,533f7e3d8910c50b,0-17,M
B1276,P1920,6F177,2025-07-15 11:37:36.951,CONFIRMED,True,IndiGo,HYD,MAA,HYD-MAA,2026-04-20 02:03:41.703,2026-04-20 04:25:41.703,142.0,False,VALID,VALID,14099.58,2,b80f0792f54b48b7,35-54,F
B1277,P1142,AI196,2026-01-19 11:37:36.951,PENDING,False,Air India,MAA,HYD,MAA-HYD,2026-04-20 02:52:41.703,2026-04-20 04:25:41.703,93.0,False,VALID,VALID,22250.11,1,51a7fa0dd59bfd6d,35-54,F
B1278,P1389,SJ191,2025-08-09 11:37:36.951,CONFIRMED,True,SpiceJet,BLR,BOM,BLR-BOM,2026-04-20 03:01:41.703,2026-04-20 04:23:41.703,82.0,False,VALID,VALID,21724.9,3,6ca38ffc450ae622,55+,M
B1279,P1631,6F019,2025-05-10 11:37:36.951,UNKNOWN,False,IndiGo,BLR,BOM,BLR-BOM,2026-04-20 00:19:41.701,2026-04-20 04:14:41.701,235.0,False,VALID,VALID,0.0,0,d5169308ce3fd20e,35-54,F
B1280,P1681,AI226,2026-04-12 11:37:36.951,CONFIRMED,True,Unknown,BLR,HYD,BLR-HYD,2026-04-20 01:19:41.703,2026-04-20 04:08:41.703,169.0,False,VALID,VALID,6992.97,3,ab64cb415612e62b,0-17,M
B1281,P1156,SJ207,2026-01-21 11:37:36.951,CANCELLED,False,SpiceJet,DEL,CCU,DEL-CCU,2026-04-20 00:52:41.703,2026-04-20 04:05:41.703,193.0,False,VALID,VALID,0.0,0,ed8e122bd68a5698,18-34,M
B1282,P1334,AI009,2025-12-30 11:37:36.951,CANCELLED,False,Unknown,DEL,CCU,DEL-CCU,2026-04-20 01:31:41.701,2026-04-20 04:05:41.701,154.0,False,VALID,VALID,0.0,0,c9ed8557564494bb,18-34,M
B1283,P1860,AI103,2025-05-08 11:37:36.951,UNKNOWN,False,Air India,BLR,BOM,BLR-BOM,2026-04-20 03:26:41.702,2026-04-20 04:04:41.702,38.0,False,VALID,VALID,0.0,0,19298fd58334c257,35-54,M
B1284,P1259,SJ127,2026-02-22 11:37:36.951,CANCELLED,False,SpiceJet,BOM,DEL,BOM-DEL,2026-04-20 01:21:41.702,2026-04-20 03:58:41.702,157.0,False,VALID,VALID,0.0,0,b11b2b07b8e9e629,35-54,M
B1285,P1081,UK188,2026-03-26 11:37:36.951,CANCELLED,False,Vistara,MAA,BLR,MAA-BLR,2026-04-20 02:55:41.703,2026-04-20 03:44:41.703,49.0,False,VALID,VALID,0.0,0,2fa8ad9bc1180c9e,55+,M
B1286,P1753,6F010,2025-09-25 11:37:36.951,UNKNOWN,False,IndiGo,DEL,BLR,DEL-BLR,2026-04-19 23:53:41.701,2026-04-20 03:44:41.701,231.0,False,VALID,VALID,0.0,0,3637cf9c2a0f3c44,55+,F
B1287,P1440,SJ098,2025-12-13 11:37:36.951,CANCELLED,False,SpiceJet,HYD,MAA,HYD-MAA,2026-04-20 03:02:41.702,2026-04-20 03:37:41.702,35.0,False,VALID,VALID,0.0,0,c2f61e9be3d5b855,55+,M
B1288,P1944,6F058,2025-12-11 11:37:36.951,PENDING,False,IndiGo,BOM,CCU,BOM-CCU,2026-04-20 01:04:41.701,2026-04-20 03:33:41.701,149.0,False,VALID,VALID,5236.78,3,9891e403b0f09d3e,0-17,M
B1288,P1944,6F058,2025-12-11 11:37:36.951,PENDING,False,IndiGo,BOM,CCU,BOM-CCU,2026-04-20 01:04:41.701,2026-04-20 03:33:41.701,149.0,False,VALID,VALID,5236.78,3,9891e403b0f09d3e,0-17,M
B1289,P1171,SJ030,2026-03-23 11:37:36.951,PENDING,False,SpiceJet,DEL,HYD,DEL-HYD,2026-04-20 02:36:41.701,2026-04-20 03:19:41.701,43.0,False,VALID,VALID,21336.09,3,11e7405e976ffe2f,55+,M
B1290,P1230,UK175,2025-07-26 11:37:36.951,CANCELLED,False,Vistara,BLR,BOM,BLR-BOM,2026-04-19 23:56:41.703,2026-04-20 03:18:41.703,202.0,False,VALID,VALID,0.0,0,afbe1d334c79478b,18-34,F
B1291,P1719,SJ108,2026-04-01 11:37:36.951,PENDING,False,SpiceJet,BLR,HYD,BLR-HYD,2026-04-20 00:40:41.702,2026-04-20 03:16:41.702,156.0,False,VALID,VALID,23346.52,1,4f298002003d87c1,0-17,F
B1292,P1074,6F075,2025-08-03 11:37:36.951,CONFIRMED,True,IndiGo,BOM,CCU,BOM-CCU,2026-04-19 22:20:41.702,2026-04-20 03:02:41.702,282.0,False,VALID,VALID,5180.49,2,066e3f7ad551ebc8,18-34,F
B1293,P1269,UK222,2025-08-31 11:37:36.951,CONFIRMED,True,Vistara,BOM,CCU,BOM-CCU,2026-04-20 01:22:41.704,2026-04-20 02:57:41.704,95.0,False,VALID,VALID,21558.65,1,bfbd09d804a4325c,18-34,M
B1294,P1898,6F250,2025-07-13 11:37:36.951,CANCELLED,False,UNKNOWN,DEL,BLR,DEL-BLR,2026-04-20 03:26:41.701,2026-04-20 07:30:41.701,244.0,False,VALID,VALID,0.0,0,459b89f1c1c07e4e,0-17,F
B1294,P1898,6F250,2025-07-13 11:37:36.951,CANCELLED,False,UNKNOWN,CCU,BLR,CCU-BLR,2026-04-20 02:23:41.702,2026-04-20 02:56:41.702,33.0,False,VALID,VALID,0.0,0,459b89f1c1c07e4e,0-17,F
B1295,P1625,AI096,2025-12-29 11:37:36.951,CANCELLED,False,Air India,CCU,DEL,CCU-DEL,2026-04-19 21:48:41.702,2026-04-20 02:46:41.702,298.0,False,VALID,VALID,0.0,0,90b4e732ed7b857b,55+,F
B1296,P1061,AI216,2025-12-23 11:37:36.951,CANCELLED,False,Air India,BOM,CCU,BOM-CCU,2026-04-20 01:10:41.703,2026-04-20 02:34:41.703,84.0,False,VALID,VALID,0.0,0,b47b4015cd417df2,55+,M
B1297,P1873,6F193,2026-01-23 11:37:36.951,PENDING,False,IndiGo,BOM,MAA,BOM-MAA,2026-04-20 00:34:41.703,2026-04-20 02:32:41.703,118.0,False,VALID,VALID,17134.63,3,f0dc16ef2ccee2c0,35-54,M
B1298,P1319,SJ194,2026-01-02 11:37:36.951,PENDING,False,SpiceJet,CCU,DEL,CCU-DEL,2026-04-19 22:46:41.703,2026-04-20 02:31:41.703,225.0,False,VALID,VALID,20137.92,3,f15c5a7ae439f4d0,35-54,M
B1299,P1101,SJ020,2025-09-11 11:37:36.951,CONFIRMED,True,SpiceJet,BLR,BOM,BLR-BOM,2026-04-19 22:18:41.701,2026-04-20 02:27:41.701,249.0,False,VALID,VALID,5960.15,1,bfaab51e35ad7b3d,55+,F
B1300,P1428,6F070,2025-06-14 11:37:36.951,PENDING,False,IndiGo,HYD,DEL,HYD-DEL,2026-04-19 23:23:41.701,2026-04-20 02:24:41.701,181.0,False,VALID,VALID,14793.5,1,9a5d603fd6eacc40,0-17,M
B1301,P1873,AI051,2025-09-03 11:37:36.951,CONFIRMED,True,Air India,MAA,BLR,MAA-BLR,2026-04-20 01:27:41.701,2026-04-20 02:22:41.701,55.0,False,VALID,VALID,14312.9,1,f0dc16ef2ccee2c0,35-54,M
B1302,P1721,UK219,2025-12-27 11:37:36.951,PENDING,False,Vistara,BOM,HYD,BOM-HYD,2026-04-19 22:03:41.704,2026-04-20 02:21:41.704,258.0,False,VALID,VALID,21866.59,1,92929313a7506963,35-54,M
B1303,P1953,AI235,2025-12-13 11:37:36.951,CONFIRMED,True,Air India,BLR,HYD,BLR-HYD,2026-04-19 22:45:41.704,2026-04-20 02:12:41.704,207.0,False,VALID,VALID,13181.59,2,bb36064338c667e5,55+,F
B1304,P1254,6F022,2025-12-13 11:37:36.951,UNKNOWN,False,IndiGo,MAA,BLR,MAA-BLR,2026-04-19 21:46:41.701,2026-04-20 02:05:41.701,259.0,False,VALID,VALID,0.0,0,54880709cf829c2d,0-17,F
B1305,P1531,SJ114,2025-09-28 11:37:36.951,PENDING,False,SpiceJet,HYD,DEL,HYD-DEL,2026-04-19 22:42:41.702,2026-04-20 02:02:41.702,200.0,False,VALID,VALID,17070.39,1,061cbc880123b920,55+,M
B1306,P1569,SJ076,2025-12-01 11:37:36.951,CONFIRMED,True,SpiceJet,DEL,MAA,DEL-MAA,2026-04-19 23:01:41.701,2026-04-20 02:02:41.701,181.0,False,VALID,VALID,8862.19,2,584be399b93f9a94,0-17,M
B1307,P1111,UK227,2026-01-26 11:37:36.951,PENDING,False,Vistara,BOM,HYD,BOM-HYD,2026-04-19 21:57:41.704,2026-04-20 01:47:41.704,230.0,False,VALID,VALID,6074.91,1,ee3da88980fa26db,18-34,F
B1308,P1984,UK135,2025-07-22 11:37:36.951,CANCELLED,False,Vistara,HYD,DEL,HYD-DEL,2026-04-19 23:50:41.702,2026-04-20 01:43:41.702,113.0,False,VALID,VALID,0.0,0,15fd27eb5581a447,55+,F
B1309,P1312,AI234,2025-05-06 11:37:36.951,CONFIRMED,True,Air India,BOM,MAA,BOM-MAA,2026-04-19 23:50:41.704,2026-04-20 01:34:41.704,104.0,False,VALID,VALID,12171.57,1,37f70e517d13b58c,18-34,F
B1310,P1997,6F113,2025-08-20 11:37:36.951,PENDING,False,IndiGo,BOM,CCU,BOM-CCU,2026-04-19 21:04:41.702,2026-04-20 01:30:41.702,266.0,False,VALID,VALID,8116.54,1,b97880ebfd72f0c2,55+,F
B1311,P1460,SJ206,2025-11-16 11:37:36.951,PENDING,False,SpiceJet,DEL,CCU,DEL-CCU,2026-04-19 20:43:41.703,2026-04-20 01:21:41.703,278.0,False,VALID,VALID,11085.26,2,ebd2de92b9184342,55+,M
B1312,P1707,AI015,2026-03-29 11:37:36.951,UNKNOWN,False,Air India,BLR,CCU,BLR-CCU,2026-04-19 23:21:41.701,2026-04-20 01:15:41.701,114.0,False,VALID,VALID,0.0,0,fdff1477af852fb0,0-17,M
B1313,P1886,6F260,2025-05-16 11:37:36.951,CANCELLED,False,Unknown,CCU,DEL,CCU-DEL,2026-04-19 21:51:41.702,2026-04-20 01:14:41.702,203.0,False,VALID,VALID,0.0,0,27473346c866b66d,35-54,M
B1314,P1461,AI061,2025-04-28 11:37:36.951,CONFIRMED,True,Air India,BOM,CCU,BOM-CCU,2026-04-19 23:31:41.701,2026-04-20 01:02:41.701,91.0,False,VALID,VALID,11348.21,1,533f7e3d8910c50b,0-17,M
B1315,P1864,6F237,2026-03-26 11:37:36.951,PENDING,False,IndiGo,HYD,MAA,HYD-MAA,2026-04-19 21:41:41.704,2026-04-20 00:44:41.704,183.0,False,VALID,VALID,18086.35,1,cbce641144893404,55+,M
B1316,P1091,SJ099,2026-01-06 11:37:36.951,PENDING,False,Unknown,MAA,BLR,MAA-BLR,2026-04-19 22:14:41.702,2026-04-20 00:34:41.702,140.0,False,VALID,VALID,9531.28,2,a5f805bedc69ac04,55+,F
B1317,P1051,SJ146,2026-02-24 11:37:36.951,CANCELLED,False,SpiceJet,HYD,BLR,HYD-BLR,2026-04-19 22:37:41.702,2026-04-20 00:33:41.702,116.0,False,VALID,VALID,0.0,0,c3b65a7f63cdf907,0-17,F
B1318,P1804,SJ146,2025-05-23 11:37:36.951,CANCELLED,False,SpiceJet,HYD,BLR,HYD-BLR,2026-04-19 22:37:41.702,2026-04-20 00:33:41.702,116.0,False,VALID,VALID,0.0,0,097d1730f877c5e9,35-54,F
B1319,P1519,6F071,2025-05-04 11:37:36.951,CONFIRMED,True,IndiGo,DEL,CCU,DEL-CCU,2026-04-19 20:18:41.702,2026-04-20 00:31:41.702,253.0,False,VALID,VALID,13580.03,3,bf219043426100ec,0-17,M
B1320,P1811,6F272,2025-08-13 11:37:36.951,PENDING,False,Unknown,HYD,MAA,HYD-MAA,2026-04-19 23:35:41.702,2026-04-20 00:22:41.702,47.0,False,VALID,VALID,10223.95,2,1881045f69a737bc,0-17,F
B1320,P1811,6F272,2025-08-13 11:37:36.951,PENDING,False,Unknown,HYD,MAA,HYD-MAA,2026-04-19 23:35:41.702,2026-04-20 00:22:41.702,47.0,False,VALID,VALID,10223.95,2,1881045f69a737bc,0-17,F
B1320,P1811,6F272,2025-08-13 11:37:36.951,PENDING,False,Unknown,HYD,MAA,HYD-MAA,2026-04-19 23:35:41.702,2026-04-20 00:22:41.702,47.0,False,VALID,VALID,10223.95,2,1881045f69a737bc,0-17,F
B1321,P1097,SJ029,2026-02-12 11:37:36.951,PENDING,False,UNKNOWN,HYD,DEL,HYD-DEL,2026-04-19 22:55:41.701,2026-04-20 00:22:41.701,87.0,False,VALID,VALID,14779.57,1,804ac90b07e39e12,55+,M
B1322,P1235,UK084,2025-07-27 11:37:36.951,CONFIRMED,True,Vistara,MAA,DEL,MAA-DEL,2026-04-19 20:44:41.702,2026-04-20 00:20:41.702,216.0,False,VALID,VALID,21668.33,1,5f7e0863cdbd3370,18-34,F
B1323,P1900,SJ048,2026-02-06 11:37:36.951,CONFIRMED,True,SpiceJet,MAA,BLR,MAA-BLR,2026-04-19 22:43:41.701,2026-04-20 00:19:41.701,96.0,False,VALID,VALID,17356.92,1,8889ac1b6cee312d,35-54,F
B1324,P1373,AI108,2026-02-04 11:37:36.951,CANCELLED,False,Air India,BLR,CCU,BLR-CCU,2026-04-19 21:32:41.702,2026-04-20 00:17:41.702,165.0,False,VALID,VALID,0.0,0,460b5a5ad37a1308,0-17,F
B1325,P1580,SJ134,2025-08-11 11:37:36.951,CANCELLED,False,SpiceJet,BOM,CCU,BOM-CCU,2026-04-19 19:58:41.702,2026-04-20 00:15:41.702,257.0,False,VALID,VALID,0.0,0,63e1c2ff2767ca8c,18-34,M
B1326,P1926,UK146,2025-10-31 11:37:36.951,CONFIRMED,True,Vistara,BOM,MAA,BOM-MAA,2026-04-19 21:40:41.703,2026-04-20 00:08:41.703,148.0,False,VALID,VALID,16924.19,1,5462e26b2c4f6949,55+,M
B1327,P1556,SJ036,2025-09-24 11:37:36.951,CONFIRMED,True,SpiceJet,DEL,HYD,DEL-HYD,2026-04-19 20:24:41.701,2026-04-19 23:54:41.701,210.0,False,VALID,VALID,9339.42,3,d38568db2aa15311,35-54,F
B1328,P1648,6F202,2025-11-01 11:37:36.951,PENDING,False,IndiGo,HYD,BLR,HYD-BLR,2026-04-19 20:18:41.703,2026-04-19 23:48:41.703,210.0,False,VALID,VALID,19167.65,2,29b50a0cf1005354,0-17,M
B1329,P1233,UK041,2026-02-13 11:37:36.951,CONFIRMED,True,Vistara,HYD,MAA,HYD-MAA,2026-04-19 22:37:41.701,2026-04-19 23:44:41.701,67.0,False,VALID,VALID,7452.9,2,36de8c394ea20850,18-34,M
B1330,P1031,6F078,2025-12-06 11:37:36.951,CONFIRMED,True,IndiGo,BOM,CCU,BOM-CCU,2026-04-19 22:04:41.702,2026-04-19 23:37:41.702,93.0,False,VALID,VALID,18285.56,2,93847cd98056474b,55+,M
B1331,P1288,AI097,2025-07-03 11:37:36.951,PENDING,False,Air India,HYD,MAA,HYD-MAA,2026-04-19 18:42:41.702,2026-04-19 23:34:41.702,292.0,False,VALID,VALID,21935.82,3,ef8c824a356b9f1c,18-34,M
B1332,P1637,UK159,2026-01-15 11:37:36.951,CONFIRMED,True,Vistara,CCU,BLR,CCU-BLR,2026-04-19 20:45:41.703,2026-04-19 23:32:41.703,167.0,False,VALID,VALID,5906.26,1,901b4abcd16372fd,35-54,M
B1333,P1578,UK044,2025-09-06 11:37:36.951,CANCELLED,False,Vistara,BLR,BOM,BLR-BOM,2026-04-19 20:31:41.701,2026-04-19 23:29:41.701,178.0,False,VALID,VALID,0.0,0,4c76b2e19e760c73,55+,M
B1334,P1541,6F176,2025-09-27 11:37:36.951,CANCELLED,False,IndiGo,CCU,DEL,CCU-DEL,2026-04-19 20:23:42.000,2026-04-19 23:23:42.000,180.0,False,VALID,VALID,0.0,0,228617b3e082657a,55+,M
B1335,P1113,SJ221,2026-02-11 11:37:36.951,PENDING,False,SpiceJet,MAA,HYD,MAA-HYD,2026-04-19 18:31:41.703,2026-04-19 23:17:41.703,286.0,False,VALID,VALID,18965.74,2,c30107be7574bf25,35-54,F
B1336,P1203,6F112,2025-07-03 11:37:36.951,CONFIRMED,True,IndiGo,HYD,DEL,HYD-DEL,2026-04-19 21:00:41.702,2026-04-19 23:16:41.702,136.0,False,VALID,VALID,4858.85,2,383b01dfc4b4451a,35-54,M
B1337,P1028,6F246,2025-10-20 11:37:36.951,UNKNOWN,False,IndiGo,HYD,DEL,HYD-DEL,2026-04-19 21:00:41.702,2026-04-19 23:16:41.702,136.0,False,VALID,VALID,0.0,0,323969a7963eafc6,55+,F
B1338,P1642,6F014,2026-02-21 11:37:36.951,CANCELLED,False,IndiGo,DEL,MAA,DEL-MAA,2026-04-19 19:42:41.701,2026-04-19 23:15:41.701,213.0,False,VALID,VALID,0.0,0,bc5fe68e5cdf84ae,35-54,F
B1339,P1473,AI237,2025-09-17 11:37:36.951,CANCELLED,False,Air India,BOM,CCU,BOM-CCU,2026-04-19 19:58:41.704,2026-04-19 23:13:41.704,195.0,False,VALID,VALID,0.0,0,677104faba0eb37c,35-54,M
B1340,P1696,6F003,2025-12-14 11:37:36.951,CANCELLED,False,IndiGo,HYD,BOM,HYD-BOM,2026-04-19 20:06:41.700,2026-04-19 23:13:41.700,187.0,False,VALID,VALID,0.0,0,afd81ec419f86cb4,18-34,M
B1341,P1252,6F249,2025-07-04 11:37:36.951,CONFIRMED,True,IndiGo,HYD,BOM,HYD-BOM,2026-04-19 20:06:41.700,2026-04-19 23:13:41.700,187.0,False,VALID,VALID,16061.0,3,88659952d7f5e68c,0-17,M
B1341,P1252,6F249,2025-07-04 11:37:36.951,CONFIRMED,True,IndiGo,HYD,BOM,HYD-BOM,2026-04-19 20:06:41.700,2026-04-19 23:13:41.700,187.0,False,VALID,VALID,16061.0,3,88659952d7f5e68c,0-17,M
B1342,P1797,UK149,2025-04-29 11:37:36.951,CONFIRMED,True,Vistara,MAA,DEL,MAA-DEL,2026-04-19 18:22:41.703,2026-04-19 23:08:41.703,286.0,False,VALID,VALID,20217.73,1,95edae0cf7e42aad,35-54,F
B1343,P1904,SJ163,2026-03-08 11:37:36.951,CONFIRMED,True,SpiceJet,DEL,HYD,DEL-HYD,2026-04-19 18:32:41.703,2026-04-19 23:08:41.703,276.0,False,VALID,VALID,20492.53,2,ff59c2683e6104bf,55+,F
B1344,P1921,SJ243,2026-03-28 11:37:36.951,CONFIRMED,True,SpiceJet,BLR,DEL,BLR-DEL,2026-04-19 18:17:41.704,2026-04-19 23:03:41.704,286.0,False,VALID,VALID,23812.6,2,ddabb59a9826ea31,0-17,M
B1345,P1385,UK113,2025-06-06 11:37:36.951,CANCELLED,False,Vistara,CCU,DEL,CCU-DEL,2026-04-19 18:34:41.702,2026-04-19 22:58:41.702,264.0,False,VALID,VALID,0.0,0,b10cca87bf39c243,55+,F
B1346,P1061,AI071,2025-06-07 11:37:36.951,PENDING,False,Air India,BOM,MAA,BOM-MAA,2026-04-19 19:55:41.702,2026-04-19 22:58:41.702,183.0,False,VALID,VALID,15981.67,3,b47b4015cd417df2,55+,M
B1347,P1514,6F271,2026-02-07 11:37:36.951,PENDING,False,Unknown,HYD,MAA,HYD-MAA,2026-04-19 19:33:41.702,2026-04-19 22:52:41.702,199.0,False,VALID,VALID,5091.08,2,dd0d4f009ccd8b20,55+,M
B1348,P1429,SJ015,2025-06-05 11:37:36.951,CANCELLED,False,SpiceJet,BOM,CCU,BOM-CCU,2026-04-19 21:40:41.701,2026-04-19 22:52:41.701,72.0,False,VALID,VALID,0.0,0,c572be8c765284c0,55+,F
B1349,P1579,UK047,2025-11-19 11:37:36.951,CANCELLED,False,Vistara,BLR,HYD,BLR-HYD,2026-04-19 18:40:41.701,2026-04-19 22:45:41.701,245.0,False,VALID,VALID,0.0,0,0569019098c7cf5a,0-17,F
B1350,P1536,UK020,2026-02-04 11:37:36.951,PENDING,False,Vistara,MAA,BLR,MAA-BLR,2026-04-19 21:23:41.701,2026-04-19 22:38:41.701,75.0,False,VALID,VALID,15428.91,2,fef3551179d3071c,18-34,F
B1351,P1690,AI122,2025-09-03 11:37:36.951,PENDING,False,Air India,BOM,CCU,BOM-CCU,2026-04-19 18:25:41.702,2026-04-19 22:36:41.702,251.0,False,VALID,VALID,15593.47,1,9c2a76d8a61fe246,55+,F
B1352,P1140,UK223,2025-10-20 11:37:36.951,CANCELLED,False,Vistara,CCU,DEL,CCU-DEL,2026-04-19 21:58:41.704,2026-04-19 22:30:41.704,32.0,False,VALID,VALID,0.0,0,9b57b5fc7625f88f,35-54,M
B1352,P1140,UK223,2025-10-20 11:37:36.951,CANCELLED,False,Vistara,CCU,DEL,CCU-DEL,2026-04-19 21:58:41.704,2026-04-19 22:30:41.704,32.0,False,VALID,VALID,0.0,0,9b57b5fc7625f88f,35-54,M
B1353,P1742,6F148,2025-09-19 11:37:36.951,CANCELLED,False,IndiGo,CCU,BOM,CCU-BOM,2026-04-19 20:23:41.703,2026-04-19 22:30:41.703,127.0,False,VALID,VALID,0.0,0,61864ff2276be466,18-34,M
B1354,P1299,SJ162,2025-12-14 11:37:36.951,CONFIRMED,True,SpiceJet,DEL,HYD,DEL-HYD,2026-04-19 20:11:41.703,2026-04-19 22:30:41.703,139.0,False,VALID,VALID,19806.31,2,ed0d591e1541e972,55+,F
B1355,P1674,6F127,2026-03-30 11:37:36.951,CONFIRMED,True,IndiGo,HYD,BOM,HYD-BOM,2026-04-19 18:27:41.702,2026-04-19 22:28:41.702,241.0,False,VALID,VALID,20583.38,3,569541aef05a35fd,35-54,M
B1356,P1310,AI173,2025-11-10 11:37:36.951,PENDING,False,Air India,HYD,DEL,HYD-DEL,2026-04-19 17:36:41.703,2026-04-19 22:27:41.703,291.0,False,VALID,VALID,13827.37,3,f0260781fb2aba4e,18-34,F
B1357,P1470,6F065,2026-02-05 11:37:36.951,UNKNOWN,False,IndiGo,MAA,BLR,MAA-BLR,2026-04-19 19:40:41.701,2026-04-19 22:23:41.701,163.0,False,VALID,VALID,0.0,0,9985af7cd23dbc3b,18-34,M
B1358,P1392,AI053,2025-06-22 11:37:36.951,PENDING,False,Air India,CCU,DEL,CCU-DEL,2026-04-19 18:04:41.701,2026-04-19 22:19:41.701,255.0,False,VALID,VALID,23487.2,3,e453e79b699aadfa,35-54,M
B1359,P1641,AI241,2025-10-22 11:37:36.951,CONFIRMED,True,Air India,HYD,BLR,HYD-BLR,2026-04-19 20:11:41.704,2026-04-19 22:18:41.704,127.0,False,VALID,VALID,5634.14,1,7d9b9205eaa991d8,0-17,F
B1360,P1444,AI105,2025-06-15 11:37:36.951,UNKNOWN,False,Air India,CCU,DEL,CCU-DEL,2026-04-19 20:16:41.702,2026-04-19 22:03:41.702,107.0,False,VALID,VALID,0.0,0,547d9344fb2018b3,35-54,M
B1361,P1757,AI110,2025-08-24 11:37:36.951,PENDING,False,Air India,BOM,CCU,BOM-CCU,2026-04-19 17:07:41.702,2026-04-19 22:00:41.702,293.0,False,VALID,VALID,4929.6,1,7367c04f52253973,55+,M
B1362,P1808,AI252,2025-10-22 11:37:36.951,CONFIRMED,True,Unknown,HYD,DEL,HYD-DEL,2026-04-19 17:30:41.704,2026-04-19 21:54:41.704,264.0,False,VALID,VALID,17472.99,1,8a476547d4cf963e,55+,M
B1363,P1171,AI149,2025-12-14 11:37:36.951,CANCELLED,False,Air India,BOM,HYD,BOM-HYD,2026-04-19 18:19:41.703,2026-04-19 21:36:41.703,197.0,False,VALID,VALID,0.0,0,11e7405e976ffe2f,55+,M
B1364,P1575,AI224,2025-09-09 11:37:36.951,PENDING,False,Air India,DEL,HYD,DEL-HYD,2026-04-19 16:51:41.703,2026-04-19 21:36:41.703,285.0,False,VALID,VALID,20035.07,1,35430287391de581,0-17,M
B1365,P1030,UK158,2025-07-03 11:37:36.951,CANCELLED,False,Vistara,BOM,MAA,BOM-MAA,2026-04-19 20:49:41.703,2026-04-19 21:22:41.703,33.0,False,VALID,VALID,0.0,0,48d0441e3c09dcd5,55+,F
B1366,P1046,6F125,2025-05-05 11:37:36.951,CANCELLED,False,IndiGo,BOM,CCU,BOM-CCU,2026-04-19 17:09:41.702,2026-04-19 21:13:41.702,244.0,False,VALID,VALID,0.0,0,22835d7fd4e73000,18-34,M
B1367,P1129,UK164,2025-12-14 11:37:36.951,CONFIRMED,True,Vistara,BOM,HYD,BOM-HYD,2026-04-19 16:46:41.703,2026-04-19 21:10:41.703,264.0,False,VALID,VALID,22764.06,2,0211dba0308362d0,55+,F
B1368,P1351,UK007,2025-12-26 11:37:36.951,CANCELLED,False,Vistara,DEL,HYD,DEL-HYD,2026-04-19 18:50:41.701,2026-04-19 21:04:41.701,134.0,False,VALID,VALID,0.0,0,ff421e0eb5002c2a,0-17,F
B1369,P1977,6F118,2026-03-18 11:37:36.951,PENDING,False,IndiGo,CCU,HYD,CCU-HYD,2026-04-19 19:52:41.702,2026-04-19 21:01:41.702,69.0,False,VALID,VALID,8951.77,3,9585a6fe9fdeb56c,55+,M
B1370,P1844,SJ004,2026-01-01 11:37:36.951,CANCELLED,False,SpiceJet,MAA,DEL,MAA-DEL,2026-04-19 17:52:41.701,2026-04-19 21:01:41.701,189.0,False,VALID,VALID,0.0,0,c754e805cc58c136,55+,F
B1371,P1621,6F206,2025-09-25 11:37:36.951,CANCELLED,False,IndiGo,DEL,BOM,DEL-BOM,2026-04-19 16:39:41.703,2026-04-19 20:59:41.703,260.0,False,VALID,VALID,0.0,0,21e853f3600aad69,35-54,M
B1372,P1580,SJ130,2025-05-11 11:37:36.951,CANCELLED,False,SpiceJet,BOM,DEL,BOM-DEL,2026-04-19 16:53:41.702,2026-04-19 20:53:41.702,240.0,False,VALID,VALID,0.0,0,63e1c2ff2767ca8c,18-34,M
B1373,P1057,SJ070,2026-02-14 11:37:36.951,CANCELLED,False,SpiceJet,MAA,CCU,MAA-CCU,2026-04-19 18:55:41.701,2026-04-19 20:48:41.701,113.0,False,VALID,VALID,0.0,0,c24146553498b111,35-54,M
B1374,P1105,AI085,2025-04-24 11:37:36.951,CANCELLED,False,Air India,DEL,HYD,DEL-HYD,2026-04-19 15:45:41.702,2026-04-19 20:33:41.702,288.0,False,VALID,VALID,0.0,0,10d6d6ecb2a19a22,55+,F
B1375,P1811,SJ109,2025-09-02 11:37:36.951,CONFIRMED,True,SpiceJet,BOM,DEL,BOM-DEL,2026-04-19 17:24:41.702,2026-04-19 20:28:41.702,184.0,False,VALID,VALID,12633.89,2,1881045f69a737bc,0-17,F
B1375,P1811,SJ109,2025-09-02 11:37:36.951,CONFIRMED,True,SpiceJet,BOM,DEL,BOM-DEL,2026-04-19 17:24:41.702,2026-04-19 20:28:41.702,184.0,False,VALID,VALID,12633.89,2,1881045f69a737bc,0-17,F
B1375,P1811,SJ109,2025-09-02 11:37:36.951,CONFIRMED,True,SpiceJet,BOM,DEL,BOM-DEL,2026-04-19 17:24:41.702,2026-04-19 20:28:41.702,184.0,False,VALID,VALID,12633.89,2,1881045f69a737bc,0-17,F
B1376,P1329,AI168,2025-08-24 11:37:36.951,PENDING,False,Unknown,DEL,CCU,DEL-CCU,2026-04-19 15:50:41.703,2026-04-19 20:20:41.703,270.0,False,VALID,VALID,11433.04,3,b4fdf273d54b2ade,35-54,F
B1377,P1767,UK123,2025-10-24 11:37:36.951,CONFIRMED,True,Vistara,BOM,DEL,BOM-DEL,2026-04-19 17:24:41.702,2026-04-19 20:18:41.702,174.0,False,VALID,VALID,19053.09,2,9dbf68e071e2c1bc,0-17,M
B1378,P1823,UK110,2026-01-16 11:37:36.951,PENDING,False,Vistara,HYD,DEL,HYD-DEL,2026-04-19 15:26:41.702,2026-04-19 20:13:41.702,287.0,False,VALID,VALID,15165.85,1,5ad895f805352bd0,55+,M
B1379,P1682,AI206,2025-11-02 11:37:36.951,PENDING,False,Air India,CCU,MAA,CCU-MAA,2026-04-19 16:30:41.703,2026-04-19 20:01:41.703,211.0,False,VALID,VALID,23595.08,3,735846a90b8720be,55+,M
B1380,P1382,6F007,2026-04-16 11:37:36.951,PENDING,False,IndiGo,HYD,MAA,HYD-MAA,2026-04-19 18:55:41.701,2026-04-19 19:54:41.701,59.0,False,VALID,VALID,20166.63,3,013d99516c3b5284,35-54,F
B1381,P1984,SJ013,2025-11-11 11:37:36.951,PENDING,False,SpiceJet,DEL,MAA,DEL-MAA,2026-04-19 15:25:41.701,2026-04-19 19:54:41.701,269.0,False,VALID,VALID,13546.13,3,15fd27eb5581a447,55+,F
B1382,P1161,UK061,2025-09-19 11:37:36.951,PENDING,False,Vistara,BLR,BOM,BLR-BOM,2026-04-19 17:58:41.701,2026-04-19 19:48:41.701,110.0,False,VALID,VALID,11279.91,3,cdc2e6ec383396f6,55+,F
B1383,P1996,AI010,2025-09-24 11:37:36.951,CANCELLED,False,Air India,BOM,HYD,BOM-HYD,2026-04-19 15:00:41.701,2026-04-19 19:48:41.701,288.0,False,VALID,VALID,0.0,0,2271c9268b10ca16,35-54,M
B1384,P1285,AI024,2025-05-16 11:37:36.951,CONFIRMED,True,Air India,MAA,BOM,MAA-BOM,2026-04-19 18:38:41.701,2026-04-19 19:45:41.701,67.0,False,VALID,VALID,18790.73,2,ab354da3fa71b24d,35-54,M
B1385,P1070,UK130,2025-06-08 11:37:36.951,CONFIRMED,True,Vistara,MAA,BLR,MAA-BLR,2026-04-19 15:36:41.702,2026-04-19 19:43:41.702,247.0,False,VALID,VALID,23926.28,1,10ec5467b62dbd27,35-54,F
B1386,P1766,AI161,2026-03-12 11:37:36.951,CANCELLED,False,Air India,CCU,BOM,CCU-BOM,2026-04-19 16:40:41.703,2026-04-19 19:40:41.703,180.0,False,VALID,VALID,0.0,0,79033b56d8536932,18-34,F
B1387,P1453,SJ208,2025-07-23 11:37:36.951,PENDING,False,SpiceJet,DEL,HYD,DEL-HYD,2026-04-19 18:32:41.703,2026-04-19 19:33:41.703,61.0,False,VALID,VALID,21711.74,1,fbfdae7167ca504f,18-34,M
B1388,P1885,6F038,2025-09-23 11:37:36.951,UNKNOWN,False,IndiGo,HYD,MAA,HYD-MAA,2026-04-19 15:36:41.701,2026-04-19 19:33:41.701,237.0,False,VALID,VALID,0.0,0,f4133d1257c4df22,18-34,F
B1389,P1566,6F085,2026-02-22 11:37:36.951,UNKNOWN,False,IndiGo,HYD,MAA,HYD-MAA,2026-04-19 17:32:41.702,2026-04-19 19:32:42.000,120.0,False,VALID,VALID,0.0,0,8e26350544cae3f0,0-17,F
B1390,P1834,SJ028,2026-03-09 11:37:36.951,CANCELLED,False,SpiceJet,CCU,BOM,CCU-BOM,2026-04-19 15:04:41.701,2026-04-19 19:32:41.701,268.0,False,VALID,VALID,0.0,0,7aa176d0a5f6a996,55+,M
B1391,P1396,SJ084,2025-11-26 11:37:36.951,CONFIRMED,True,SpiceJet,HYD,MAA,HYD-MAA,2026-04-19 18:31:41.702,2026-04-19 19:30:41.702,59.0,False,VALID,VALID,18094.12,1,0e699f0e06c390e5,35-54,F
B1392,P1514,AI139,2026-03-27 11:37:36.951,CONFIRMED,True,Air India,HYD,MAA,HYD-MAA,2026-04-19 18:23:41.702,2026-04-19 19:24:41.702,61.0,False,VALID,VALID,3270.66,1,dd0d4f009ccd8b20,55+,M
B1393,P1025,UK179,2026-04-06 11:37:36.951,PENDING,False,Vistara,DEL,HYD,DEL-HYD,2026-04-19 14:25:41.703,2026-04-19 19:15:41.703,290.0,False,VALID,VALID,12995.0,3,06cf5fba4db048c6,18-34,M
B1394,P1312,6F256,2025-07-23 11:37:36.951,PENDING,False,Unknown,BOM,CCU,BOM-CCU,2026-04-19 18:40:41.702,2026-04-19 19:13:41.702,33.0,False,VALID,VALID,21158.79,1,37f70e517d13b58c,18-34,F
B1395,P1125,UK023,2026-02-10 11:37:36.951,UNKNOWN,False,Vistara,DEL,MAA,DEL-MAA,2026-04-19 14:15:41.701,2026-04-19 19:03:41.701,288.0,False,VALID,VALID,0.0,0,3c5a756d3cd50af2,35-54,F
B1396,P1407,AI039,2025-08-03 11:37:36.951,UNKNOWN,False,Air India,MAA,BLR,MAA-BLR,2026-04-19 15:24:41.701,2026-04-19 18:56:41.701,212.0,False,VALID,VALID,0.0,0,cb8500518a266d0a,35-54,F
B1397,P1564,UK190,2026-02-05 11:37:36.951,CANCELLED,False,Vistara,DEL,BLR,DEL-BLR,2026-04-19 15:49:41.703,2026-04-19 18:53:41.703,184.0,False,VALID,VALID,0.0,0,8537c2efa30e935d,18-34,M
B1398,P1197,6F224,2026-02-04 11:37:36.951,PENDING,False,IndiGo,DEL,MAA,DEL-MAA,2026-04-19 16:53:41.704,2026-04-19 18:52:41.704,119.0,False,VALID,VALID,9642.4,2,4501ed1c58dd1fd2,0-17,M
B1399,P1810,UK221,2025-05-31 11:37:36.951,PENDING,False,Vistara,CCU,DEL,CCU-DEL,2026-04-19 14:18:41.704,2026-04-19 18:44:41.704,266.0,False,VALID,VALID,23205.72,3,fcba60f55cac7242,0-17,M
B1400,P1187,SJ107,2026-04-02 11:37:36.951,CANCELLED,False,SpiceJet,BOM,MAA,BOM-MAA,2026-04-19 14:10:41.702,2026-04-19 18:38:41.702,268.0,False,VALID,VALID,0.0,0,d4b256a73ebbf0e5,55+,F
B1401,P1697,UK155,2025-04-20 11:37:36.951,UNKNOWN,False,Vistara,MAA,HYD,MAA-HYD,2026-04-19 14:34:41.703,2026-04-19 18:37:41.703,243.0,False,VALID,VALID,0.0,0,3d817a3baaeab591,35-54,F
B1402,P1816,UK183,2026-03-21 11:37:36.951,CANCELLED,False,Vistara,BLR,CCU,BLR-CCU,2026-04-19 17:07:41.703,2026-04-19 18:30:41.703,83.0,False,VALID,VALID,0.0,0,7f8a4f8fcffd556d,35-54,F
B1403,P1809,SJ203,2025-05-08 11:37:36.951,PENDING,False,Unknown,DEL,HYD,DEL-HYD,2026-04-19 16:22:41.703,2026-04-19 18:27:41.703,125.0,False,VALID,VALID,22342.4,1,6515520768c95a5f,0-17,M
B1404,P1715,6F253,2026-03-07 11:37:36.951,UNKNOWN,False,UNKNOWN,MAA,BLR,MAA-BLR,2026-04-19 16:26:41.703,2026-04-19 18:24:41.703,118.0,False,VALID,VALID,0.0,0,6c78ca347eb017af,0-17,M
B1405,P1483,AI100,2025-08-26 11:37:36.951,PENDING,False,UNKNOWN,CCU,BOM,CCU-BOM,2026-04-19 14:42:41.702,2026-04-19 18:22:41.702,220.0,False,VALID,VALID,21411.72,1,5878c05908f7ccf9,35-54,F
B1406,P1449,6F140,2025-06-24 11:37:36.951,CONFIRMED,True,IndiGo,CCU,HYD,CCU-HYD,2026-04-19 16:30:41.702,2026-04-19 18:21:41.702,111.0,False,VALID,VALID,5341.23,3,1f48e7b58235f1c6,35-54,F
B1407,P1522,UK048,2025-08-26 11:37:36.951,CONFIRMED,True,Vistara,MAA,DEL,MAA-DEL,2026-04-19 13:36:41.701,2026-04-19 18:21:41.701,285.0,False,VALID,VALID,24980.3,2,bb9132d26cbca0e0,18-34,F
B1408,P1870,SJ204,2025-07-29 11:37:36.951,CONFIRMED,True,SpiceJet,CCU,DEL,CCU-DEL,2026-04-19 16:34:41.703,2026-04-19 18:15:41.703,101.0,False,VALID,VALID,17645.06,2,9e9cdc2bf4b91e70,55+,F
B1409,P1353,UK105,2026-03-24 11:37:36.951,CONFIRMED,True,Vistara,CCU,HYD,CCU-HYD,2026-04-19 17:04:41.702,2026-04-19 18:11:41.702,67.0,False,VALID,VALID,17302.75,2,5d042d25d06d51fb,18-34,F
B1410,P1985,AI098,2026-04-13 11:37:36.951,CONFIRMED,True,Air India,HYD,MAA,HYD-MAA,2026-04-19 16:01:41.702,2026-04-19 18:11:41.702,130.0,False,VALID,VALID,4989.7,2,881c00d2b84a6a00,35-54,M
B1410,P1985,AI098,2026-04-13 11:37:36.951,CONFIRMED,True,Air India,HYD,MAA,HYD-MAA,2026-04-19 16:01:41.702,2026-04-19 18:11:41.702,130.0,False,VALID,VALID,4989.7,2,881c00d2b84a6a00,35-54,M
B1411,P1657,6F013,2025-10-12 11:37:36.951,CANCELLED,False,IndiGo,BOM,CCU,BOM-CCU,2026-04-19 13:15:41.701,2026-04-19 18:05:41.701,290.0,False,VALID,VALID,0.0,0,ae37fa4a6e4efefd,0-17,F
B1412,P1596,6F128,2025-11-18 11:37:36.951,CANCELLED,False,IndiGo,HYD,DEL,HYD-DEL,2026-04-19 16:56:41.702,2026-04-19 18:03:41.702,67.0,False,VALID,VALID,0.0,0,9c90f9d7d09cf46d,55+,M
B1413,P1099,SJ038,2025-10-05 11:37:36.951,UNKNOWN,False,SpiceJet,BLR,DEL,BLR-DEL,2026-04-19 14:57:41.701,2026-04-19 17:46:41.701,169.0,False,VALID,VALID,0.0,0,8249f45e7acc37f4,55+,F
B1414,P1615,SJ182,2026-01-07 11:37:36.951,CONFIRMED,True,SpiceJet,CCU,BOM,CCU-BOM,2026-04-19 16:48:41.703,2026-04-19 17:36:41.703,48.0,False,VALID,VALID,6146.48,1,2d65aaff1dc20486,18-34,M
B1414,P1615,SJ182,2026-01-07 11:37:36.951,CONFIRMED,True,SpiceJet,CCU,BOM,CCU-BOM,2026-04-19 16:48:41.703,2026-04-19 17:36:41.703,48.0,False,VALID,VALID,6146.48,1,2d65aaff1dc20486,18-34,M
B1415,P1947,6F199,2026-03-22 11:37:36.951,PENDING,False,IndiGo,DEL,MAA,DEL-MAA,2026-04-19 15:15:41.703,2026-04-19 17:32:41.703,137.0,False,VALID,VALID,20088.89,3,3fd6c6a6cc99badc,0-17,M
B1416,P1557,SJ187,2025-08-17 11:37:36.951,CANCELLED,False,SpiceJet,MAA,BLR,MAA-BLR,2026-04-19 14:07:41.703,2026-04-19 17:30:41.703,203.0,False,VALID,VALID,0.0,0,c8666e35e4376147,55+,F
B1417,P1555,AI182,2025-08-18 11:37:36.951,PENDING,False,Air India,HYD,DEL,HYD-DEL,2026-04-19 12:41:41.703,2026-04-19 17:14:41.703,273.0,False,VALID,VALID,23034.04,3,1e373aeda1556f7d,35-54,M
B1418,P1277,SJ027,2025-05-04 11:37:36.951,PENDING,False,UNKNOWN,BOM,MAA,BOM-MAA,2026-04-19 12:50:41.701,2026-04-19 17:13:41.701,263.0,False,VALID,VALID,17437.92,2,d9b6a9917a89ffe7,18-34,M
B1419,P1692,SJ062,2026-01-20 11:37:36.951,CONFIRMED,True,SpiceJet,BLR,HYD,BLR-HYD,2026-04-19 13:37:41.701,2026-04-19 17:06:41.701,209.0,False,VALID,VALID,3795.58,2,39d03c4167d7676d,55+,F
B1420,P1698,SJ161,2026-02-24 11:37:36.951,CONFIRMED,True,SpiceJet,MAA,BLR,MAA-BLR,2026-04-19 16:22:41.703,2026-04-19 17:04:41.703,42.0,False,VALID,VALID,3119.46,1,69fd58484aa6c379,55+,F
B1421,P1989,UK058,2025-10-03 11:37:36.951,UNKNOWN,False,Vistara,MAA,BOM,MAA-BOM,2026-04-19 13:46:41.701,2026-04-19 17:04:41.701,198.0,False,VALID,VALID,0.0,0,028cb64631392a37,18-34,M
B1422,P1625,AI181,2026-01-04 11:37:36.951,CANCELLED,False,Air India,MAA,HYD,MAA-HYD,2026-04-19 13:29:41.703,2026-04-19 16:55:41.703,206.0,False,VALID,VALID,0.0,0,90b4e732ed7b857b,55+,F
B1423,P1490,AI003,2025-06-12 11:37:36.951,CONFIRMED,True,Air India,BLR,HYD,BLR-HYD,2026-04-19 13:27:41.701,2026-04-19 16:55:41.701,208.0,False,VALID,VALID,20632.6,1,24408563e5a55389,35-54,M
B1424,P1254,6F150,2025-11-05 11:37:36.951,CANCELLED,False,IndiGo,HYD,MAA,HYD-MAA,2026-04-19 12:55:41.703,2026-04-19 16:53:41.703,238.0,False,VALID,VALID,0.0,0,54880709cf829c2d,0-17,F
B1425,P1380,SJ175,2025-06-28 11:37:36.951,CANCELLED,False,SpiceJet,MAA,BLR,MAA-BLR,2026-04-19 12:46:41.703,2026-04-19 16:50:41.703,244.0,False,VALID,VALID,0.0,0,0c217e152ccd55f1,55+,M
B1426,P1891,6F041,2025-12-15 11:37:36.951,CANCELLED,False,IndiGo,MAA,BOM,MAA-BOM,2026-04-19 13:19:41.701,2026-04-19 16:48:41.701,209.0,False,VALID,VALID,0.0,0,370a5d9b1e3c152a,0-17,F
B1427,P1541,SJ040,2026-04-15 11:37:36.951,CANCELLED,False,SpiceJet,BOM,CCU,BOM-CCU,2026-04-19 13:12:41.701,2026-04-19 16:44:41.701,212.0,False,VALID,VALID,0.0,0,228617b3e082657a,55+,M
B1428,P1263,6F020,2025-06-17 11:37:36.951,CONFIRMED,True,IndiGo,BOM,HYD,BOM-HYD,2026-04-19 14:58:41.701,2026-04-19 16:43:41.701,105.0,False,VALID,VALID,23411.5,2,0271a1d8f8a99a20,35-54,F
B1429,P1609,AI248,2025-05-08 11:37:36.951,CANCELLED,False,Air India,CCU,DEL,CCU-DEL,2026-04-19 15:17:41.704,2026-04-19 16:35:41.704,78.0,False,VALID,VALID,0.0,0,26376445980d26bc,35-54,F
B1430,P1824,SJ016,2026-02-08 11:37:36.951,CONFIRMED,True,SpiceJet,HYD,CCU,HYD-CCU,2026-04-19 13:01:41.701,2026-04-19 16:26:41.701,205.0,False,VALID,VALID,18358.66,2,9d2990bf14adf289,35-54,M
B1431,P1878,UK204,2025-11-21 11:37:36.951,CONFIRMED,True,Vistara,BLR,DEL,BLR-DEL,2026-04-19 14:46:41.703,2026-04-19 16:24:41.703,98.0,False,VALID,VALID,21435.56,3,6cb07625c8ce61e7,35-54,M
B1432,P1328,6F211,2025-09-02 11:37:36.951,CANCELLED,False,IndiGo,MAA,BLR,MAA-BLR,2026-04-19 11:29:41.703,2026-04-19 16:20:41.703,291.0,False,VALID,VALID,0.0,0,bb7774ccaf953afb,18-34,M
B1433,P1114,SJ166,2025-05-07 11:37:36.951,CONFIRMED,True,SpiceJet,CCU,HYD,CCU-HYD,2026-04-19 12:51:41.703,2026-04-19 16:18:41.703,207.0,False,VALID,VALID,7439.21,1,c7ccf6a417208a4d,18-34,F
B1434,P1275,AI036,2025-10-19 11:37:36.951,PENDING,False,Air India,BOM,CCU,BOM-CCU,2026-04-19 14:45:41.701,2026-04-19 16:16:41.701,91.0,False,VALID,VALID,5748.32,2,299bf2b46c2d2014,55+,M
B1435,P1487,SJ215,2025-09-18 11:37:36.951,CONFIRMED,True,SpiceJet,CCU,DEL,CCU-DEL,2026-04-19 14:37:41.703,2026-04-19 16:12:41.703,95.0,False,VALID,VALID,14099.68,1,080a17634682e71c,18-34,M
B1436,P1280,AI076,2026-01-05 11:37:36.951,CONFIRMED,True,Air India,BLR,BOM,BLR-BOM,2026-04-19 15:37:41.702,2026-04-19 16:12:41.702,35.0,False,VALID,VALID,19394.14,1,142269fb0b4837a6,55+,M
B1437,P1274,SJ012,2025-11-28 11:37:36.951,CANCELLED,False,SpiceJet,HYD,BLR,HYD-BLR,2026-04-19 15:01:41.701,2026-04-19 16:12:41.701,71.0,False,VALID,VALID,0.0,0,025863560afc7b8c,35-54,M
B1438,P1772,AI073,2026-04-01 11:37:36.951,UNKNOWN,False,Air India,BOM,BLR,BOM-BLR,2026-04-19 14:08:41.702,2026-04-19 16:10:41.702,122.0,False,VALID,VALID,0.0,0,c69e01f1f8c5b49b,0-17,M
B1439,P1842,SJ173,2025-11-09 11:37:36.951,CONFIRMED,True,SpiceJet,CCU,HYD,CCU-HYD,2026-04-19 14:27:41.703,2026-04-19 16:09:41.703,102.0,False,VALID,VALID,6414.69,3,a04db1b85ec66df8,18-34,F
B1440,P1718,AI193,2026-03-09 11:37:36.951,CANCELLED,False,Air India,MAA,HYD,MAA-HYD,2026-04-19 11:33:41.703,2026-04-19 16:07:41.703,274.0,False,VALID,VALID,0.0,0,cb63a34e951c83ee,55+,F
B1441,P1895,SJ131,2025-09-22 11:37:36.951,UNKNOWN,False,SpiceJet,MAA,HYD,MAA-HYD,2026-04-19 15:00:41.702,2026-04-19 16:07:41.702,67.0,False,VALID,VALID,0.0,0,7a73ce2a7fc78ef3,18-34,F
B1442,P1327,AI225,2025-06-02 11:37:36.951,PENDING,False,Air India,BOM,BLR,BOM-BLR,2026-04-19 15:05:41.703,2026-04-19 16:01:41.703,56.0,False,VALID,VALID,8956.69,3,0a093d698b33ad8f,35-54,F
B1443,P1210,AI190,2025-10-09 11:37:36.951,CANCELLED,False,Air India,BOM,CCU,BOM-CCU,2026-04-19 12:38:41.703,2026-04-19 15:56:41.703,198.0,False,VALID,VALID,0.0,0,022b671b6c1a787f,18-34,F
B1444,P1726,SJ238,2025-12-25 11:37:36.951,CONFIRMED,True,SpiceJet,MAA,BLR,MAA-BLR,2026-04-19 11:41:41.704,2026-04-19 15:39:41.704,238.0,False,VALID,VALID,24564.51,3,b65304c929ac9ac9,18-34,M
B1445,P1922,6F005,2025-12-21 11:37:36.951,PENDING,False,IndiGo,BOM,MAA,BOM-MAA,2026-04-19 11:04:41.701,2026-04-19 15:27:41.701,263.0,False,VALID,VALID,16453.96,3,932990ec1a779758,55+,F
B1446,P1551,UK136,2025-09-25 11:37:36.951,PENDING,False,Vistara,HYD,CCU,HYD-CCU,2026-04-19 11:43:41.703,2026-04-19 15:26:41.703,223.0,False,VALID,VALID,4199.01,1,ff028e62663a2d3f,18-34,M
B1447,P1991,SJ063,2025-05-21 11:37:36.951,CONFIRMED,True,SpiceJet,MAA,BOM,MAA-BOM,2026-04-19 13:38:41.701,2026-04-19 15:23:41.701,105.0,False,VALID,VALID,16558.8,2,09d9f20b170cb65e,0-17,F
B1447,P1991,SJ063,2025-05-21 11:37:36.951,CONFIRMED,True,SpiceJet,MAA,BOM,MAA-BOM,2026-04-19 13:38:41.701,2026-04-19 15:23:41.701,105.0,False,VALID,VALID,16558.8,2,09d9f20b170cb65e,0-17,F
B1448,P1025,6F175,2025-11-21 11:37:36.951,CANCELLED,False,IndiGo,MAA,CCU,MAA-CCU,2026-04-19 13:18:41.703,2026-04-19 15:13:41.703,115.0,False,VALID,VALID,0.0,0,06cf5fba4db048c6,18-34,M
B1449,P1026,AI037,2025-05-23 11:37:36.951,PENDING,False,Unknown,BOM,BLR,BOM-BLR,2026-04-19 11:14:41.701,2026-04-19 15:13:41.701,239.0,False,VALID,VALID,22451.21,2,a3a748f0e1d1d031,55+,M
B1450,P1701,UK225,2025-11-11 11:37:36.951,CONFIRMED,True,Vistara,MAA,BLR,MAA-BLR,2026-04-19 12:46:41.704,2026-04-19 15:02:41.704,136.0,False,VALID,VALID,18610.72,3,c70935e216f396d6,18-34,F
B1451,P1082,AI141,2025-05-20 11:37:36.951,CONFIRMED,True,Air India,BLR,DEL,BLR-DEL,2026-04-19 10:16:41.702,2026-04-19 14:53:41.702,277.0,False,VALID,VALID,6808.81,3,fff5e2b2b327cbbb,55+,F
B1452,P1895,6F172,2026-01-26 11:37:36.951,PENDING,False,IndiGo,BOM,BLR,BOM-BLR,2026-04-19 09:53:41.703,2026-04-19 14:46:41.703,293.0,False,VALID,VALID,5017.86,2,7a73ce2a7fc78ef3,18-34,F
B1453,P1945,6F219,2026-02-07 11:37:36.951,CANCELLED,False,IndiGo,MAA,DEL,MAA-DEL,2026-04-19 10:32:41.704,2026-04-19 14:37:41.704,245.0,False,VALID,VALID,0.0,0,214570e8e57cbbed,35-54,M
B1454,P1681,AI045,2025-08-16 11:37:36.951,PENDING,False,Air India,HYD,MAA,HYD-MAA,2026-04-19 11:58:41.701,2026-04-19 14:37:41.701,159.0,False,VALID,VALID,24560.6,2,ab64cb415612e62b,0-17,M
B1455,P1412,AI198,2026-04-12 11:37:36.951,CONFIRMED,True,Air India,CCU,MAA,CCU-MAA,2026-04-19 10:56:41.703,2026-04-19 14:19:41.703,203.0,False,VALID,VALID,13088.33,1,109ca04420be7bd4,0-17,F
B1456,P1166,AI120,2025-04-24 11:37:36.951,PENDING,False,Air India,MAA,CCU,MAA-CCU,2026-04-19 12:12:41.702,2026-04-19 14:18:41.702,126.0,False,VALID,VALID,20249.78,2,fb96f6804a99a12f,55+,M
B1457,P1699,6F134,2025-06-11 11:37:36.951,CANCELLED,False,IndiGo,BLR,MAA,BLR-MAA,2026-04-19 12:47:41.702,2026-04-19 14:06:41.702,79.0,False,VALID,VALID,0.0,0,4247c8365843695e,18-34,M
B1458,P1168,UK102,2025-11-19 11:37:36.951,CONFIRMED,True,Vistara,HYD,CCU,HYD-CCU,2026-04-19 11:58:41.702,2026-04-19 14:01:41.702,123.0,False,VALID,VALID,15593.09,2,593fee80959859d7,55+,F
B1459,P1800,SJ199,2025-06-10 11:37:36.951,CANCELLED,False,SpiceJet,HYD,BOM,HYD-BOM,2026-04-19 11:29:41.703,2026-04-19 13:59:41.703,150.0,False,VALID,VALID,0.0,0,ffd7386b5130f996,18-34,M
B1460,P1978,6F235,2025-10-01 11:37:36.951,PENDING,False,IndiGo,HYD,MAA,HYD-MAA,2026-04-19 11:06:41.704,2026-04-19 13:51:41.704,165.0,False,VALID,VALID,23812.54,1,cd9411366cb12a60,55+,M
B1461,P1228,UK065,2025-10-14 11:37:36.951,PENDING,False,Vistara,BOM,CCU,BOM-CCU,2026-04-19 09:38:41.701,2026-04-19 13:46:41.701,248.0,False,VALID,VALID,9629.54,3,af73e26b43f653fd,55+,F
B1462,P1978,6F135,2025-12-03 11:37:36.951,CANCELLED,False,IndiGo,MAA,HYD,MAA-HYD,2026-04-19 12:59:41.702,2026-04-19 13:45:41.702,46.0,False,VALID,VALID,0.0,0,cd9411366cb12a60,55+,M
B1463,P1608,SJ148,2026-02-10 11:37:36.951,PENDING,False,SpiceJet,DEL,BLR,DEL-BLR,2026-04-19 09:51:41.702,2026-04-19 13:41:41.702,230.0,False,VALID,VALID,18395.07,1,e5b07d8face3853f,55+,M
B1464,P1366,AI083,2026-03-07 11:37:36.951,CANCELLED,False,Air India,DEL,BOM,DEL-BOM,2026-04-19 12:54:41.702,2026-04-19 13:37:41.702,43.0,False,VALID,VALID,0.0,0,e4a82b2a713097e6,55+,M
B1465,P1527,UK024,2025-07-02 11:37:36.951,PENDING,False,Vistara,MAA,BLR,MAA-BLR,2026-04-19 08:29:41.701,2026-04-19 13:29:41.701,300.0,False,VALID,VALID,23693.08,1,9238aed697b53737,55+,F
B1466,P1790,UK220,2025-04-27 11:37:36.951,CANCELLED,False,Vistara,BLR,BOM,BLR-BOM,2026-04-19 09:51:41.704,2026-04-19 13:25:41.704,214.0,False,VALID,VALID,0.0,0,c78855de749f50c7,0-17,F
B1467,P1646,UK115,2025-04-30 11:37:36.951,CANCELLED,False,Vistara,BLR,BOM,BLR-BOM,2026-04-19 11:20:41.702,2026-04-19 13:20:42.000,120.0,False,VALID,VALID,0.0,0,9520ad3d7a70d319,55+,F
B1468,P1537,AI255,2025-07-16 11:37:36.951,CONFIRMED,True,Air India,MAA,CCU,MAA-CCU,2026-04-19 08:45:41.704,2026-04-19 13:12:41.704,267.0,False,VALID,VALID,11888.76,1,d53bf95834e27066,55+,M
B1469,P1863,6F001,2025-12-25 11:37:36.951,CONFIRMED,True,IndiGo,HYD,BOM,HYD-BOM,2026-04-19 11:33:41.700,2026-04-19 13:08:41.700,95.0,False,VALID,VALID,13431.71,2,c34c08c1d9a4c7f2,0-17,M
B1470,P1523,6F132,2025-05-27 11:37:36.951,CANCELLED,False,IndiGo,MAA,BOM,MAA-BOM,2026-04-19 12:00:41.702,2026-04-19 13:00:42.000,60.0,False,VALID,VALID,0.0,0,ad3bdf275e916fda,55+,F
B1471,P1071,UK184,2026-03-28 11:37:36.951,PENDING,False,Vistara,MAA,HYD,MAA-HYD,2026-04-19 10:49:41.703,2026-04-19 13:00:41.703,131.0,False,VALID,VALID,5950.08,1,8e3db6260921f94b,55+,M
B1472,P1644,6F098,2025-06-06 11:37:36.951,PENDING,False,IndiGo,BLR,MAA,BLR-MAA,2026-04-19 10:18:41.702,2026-04-19 12:49:41.702,151.0,False,VALID,VALID,9117.66,1,4c3a8fc84168a8bc,0-17,M
B1473,P1105,SJ168,2025-07-19 11:37:36.951,PENDING,False,SpiceJet,CCU,BOM,CCU-BOM,2026-04-19 08:17:41.703,2026-04-19 12:29:41.703,252.0,False,VALID,VALID,9703.5,1,10d6d6ecb2a19a22,55+,F
B1474,P1731,SJ178,2025-07-28 11:37:36.951,CANCELLED,False,SpiceJet,BOM,HYD,BOM-HYD,2026-04-19 09:58:41.703,2026-04-19 12:27:41.703,149.0,False,VALID,VALID,0.0,0,db08aaf372fd832f,18-34,M
B1475,P1884,UK111,2026-03-07 11:37:36.951,CANCELLED,False,Vistara,MAA,BLR,MAA-BLR,2026-04-19 11:06:41.702,2026-04-19 12:20:41.702,74.0,False,VALID,VALID,0.0,0,256c5e44719e844b,55+,F
B1476,P1964,SJ051,2026-02-27 11:37:36.951,CANCELLED,False,Unknown,BOM,BLR,BOM-BLR,2026-04-19 08:40:41.701,2026-04-19 12:18:41.701,218.0,False,VALID,VALID,0.0,0,a759aaee02294002,55+,F
B1477,P1688,SJ193,2025-07-06 11:37:36.951,CANCELLED,False,SpiceJet,CCU,DEL,CCU-DEL,2026-04-19 09:37:41.703,2026-04-19 12:16:41.703,159.0,False,VALID,VALID,0.0,0,0dc9794bea46327c,35-54,M
B1478,P1281,SJ039,2026-02-24 11:37:36.951,CONFIRMED,True,SpiceJet,MAA,BOM,MAA-BOM,2026-04-19 08:41:41.701,2026-04-19 12:08:41.701,207.0,False,VALID,VALID,11993.23,2,8902a17473b6c437,35-54,F
B1479,P1132,UK066,2025-12-17 11:37:36.951,CANCELLED,False,Vistara,BOM,CCU,BOM-CCU,2026-04-19 10:29:41.701,2026-04-19 12:07:41.701,98.0,False,VALID,VALID,0.0,0,9c2461755b69c4ab,0-17,F
B1480,P1533,SJ050,2026-03-14 11:37:36.951,PENDING,False,SpiceJet,HYD,CCU,HYD-CCU,2026-04-19 11:24:41.701,2026-04-19 12:03:41.701,39.0,False,VALID,VALID,15942.74,1,9c98c8b1d89a4e55,35-54,F
B1481,P1974,6F052,2025-06-11 11:37:36.951,CONFIRMED,True,IndiGo,BOM,CCU,BOM-CCU,2026-04-19 09:13:41.701,2026-04-19 12:02:41.701,169.0,False,VALID,VALID,9974.9,1,c40c05a54c634d27,55+,M
B1482,P1268,SJ170,2025-08-29 11:37:36.951,PENDING,False,SpiceJet,BLR,BOM,BLR-BOM,2026-04-19 10:11:41.703,2026-04-19 11:56:41.703,105.0,False,VALID,VALID,3793.32,2,d3b928029d494708,35-54,M
B1483,P1411,SJ119,2025-06-09 11:37:36.951,UNKNOWN,False,SpiceJet,BOM,CCU,BOM-CCU,2026-04-19 08:53:41.702,2026-04-19 11:29:41.702,156.0,False,VALID,VALID,0.0,0,493f03c091f1bb5b,18-34,F
B1484,P1672,AI219,2025-05-07 11:37:36.951,CONFIRMED,True,Unknown,BLR,DEL,BLR-DEL,2026-04-19 09:28:41.703,2026-04-19 11:27:41.703,119.0,False,VALID,VALID,13430.92,2,fd4ebc9dc6ac0128,0-17,M
B1485,P1618,6F220,2025-07-05 11:37:36.951,CANCELLED,False,IndiGo,HYD,BOM,HYD-BOM,2026-04-19 10:27:41.704,2026-04-19 11:25:41.704,58.0,False,VALID,VALID,0.0,0,d871d6c1b0f4950d,35-54,F
B1486,P1790,AI207,2025-05-04 11:37:36.951,CONFIRMED,True,Air India,BOM,MAA,BOM-MAA,2026-04-19 08:24:41.703,2026-04-19 11:23:41.703,179.0,False,VALID,VALID,15594.07,3,c78855de749f50c7,0-17,F
B1487,P1864,6F024,2026-01-26 11:37:36.951,PENDING,False,IndiGo,BOM,DEL,BOM-DEL,2026-04-19 07:31:41.701,2026-04-19 11:17:41.701,226.0,False,VALID,VALID,15446.98,2,cbce641144893404,55+,M
B1488,P1746,SJ073,2025-05-04 11:37:36.951,CANCELLED,False,SpiceJet,CCU,BLR,CCU-BLR,2026-04-19 09:26:41.701,2026-04-19 11:14:41.701,108.0,False,VALID,VALID,0.0,0,22d376ef9d59991a,55+,M
B1489,P1017,SJ201,2025-07-08 11:37:36.951,CANCELLED,False,SpiceJet,BLR,DEL,BLR-DEL,2026-04-19 09:10:41.703,2026-04-19 11:12:41.703,122.0,False,VALID,VALID,0.0,0,cb4595eab2647a24,35-54,F
B1490,P1753,AI180,2026-03-10 11:37:36.951,CONFIRMED,True,Air India,BOM,CCU,BOM-CCU,2026-04-19 10:19:41.703,2026-04-19 11:00:41.703,41.0,False,VALID,VALID,17353.53,3,3637cf9c2a0f3c44,55+,F
B1491,P1116,UK022,2025-07-16 11:37:36.951,CONFIRMED,True,Vistara,DEL,HYD,DEL-HYD,2026-04-19 06:22:41.701,2026-04-19 10:59:41.701,277.0,False,VALID,VALID,9956.71,3,f82a60e2bbf27d94,55+,F
B1492,P1797,AI202,2026-03-27 11:37:36.951,CANCELLED,False,Air India,HYD,BLR,HYD-BLR,2026-04-19 08:44:41.703,2026-04-19 10:53:41.703,129.0,False,VALID,VALID,0.0,0,95edae0cf7e42aad,35-54,F
B1493,P1793,6F212,2025-06-01 11:37:36.952,CONFIRMED,True,IndiGo,BLR,CCU,BLR-CCU,2026-04-19 06:10:41.703,2026-04-19 10:52:41.703,282.0,False,VALID,VALID,15081.18,3,7b3d44d6828e3b78,55+,M
B1494,P1143,6F163,2025-06-09 11:37:36.952,CANCELLED,False,IndiGo,MAA,BOM,MAA-BOM,2026-04-19 06:49:41.703,2026-04-19 10:46:41.703,237.0,False,VALID,VALID,0.0,0,fe31257e17d3e905,55+,F
B1495,P1716,UK028,2025-10-15 11:37:36.952,CONFIRMED,True,Vistara,HYD,MAA,HYD-MAA,2026-04-19 09:02:41.701,2026-04-19 10:37:41.701,95.0,False,VALID,VALID,16772.27,1,499e7285cc098ec7,55+,F
B1496,P1550,6F243,2026-03-21 11:37:36.952,PENDING,False,IndiGo,BOM,HYD,BOM-HYD,2026-04-19 09:37:41.704,2026-04-19 10:33:41.704,56.0,False,VALID,VALID,10934.46,3,5b46c230b44c531a,35-54,F
B1497,P1928,AI165,2025-09-02 11:37:36.952,CONFIRMED,True,Air India,DEL,CCU,DEL-CCU,2026-04-19 08:51:41.703,2026-04-19 10:31:41.703,100.0,False,VALID,VALID,14280.26,1,b24576ecd2ed6403,0-17,M
B1498,P1665,UK099,2025-07-18 11:37:36.952,PENDING,False,Vistara,BOM,MAA,BOM-MAA,2026-04-19 06:16:41.702,2026-04-19 10:24:41.702,248.0,False,VALID,VALID,19207.53,1,73ee0bb4a2c155ae,55+,M
B1499,P1687,AI033,2025-06-17 11:37:36.952,UNKNOWN,False,Air India,MAA,CCU,MAA-CCU,2026-04-19 05:25:41.701,2026-04-19 10:21:41.701,296.0,False,VALID,VALID,0.0,0,39d1daf0321a65a7,18-34,F
B1500,P1960,UK056,2025-04-30 11:37:36.952,CONFIRMED,True,Vistara,HYD,MAA,HYD-MAA,2026-04-19 09:29:41.701,2026-04-19 10:15:41.701,46.0,False,VALID,VALID,23263.26,2,d645a3f176a42988,35-54,M
B1501,P1752,SJ122,2025-09-04 11:37:36.952,CANCELLED,False,SpiceJet,CCU,BOM,CCU-BOM,2026-04-19 05:22:41.702,2026-04-19 10:09:41.702,287.0,False,VALID,VALID,0.0,0,2426b0a2227ebf71,35-54,M
B1502,P1421,AI086,2025-10-15 11:37:36.952,CONFIRMED,True,Air India,CCU,HYD,CCU-HYD,2026-04-19 07:13:41.702,2026-04-19 10:09:41.702,176.0,False,VALID,VALID,14446.05,2,ea9422e929a13d02,0-17,F
B1503,P1897,SJ011,2025-10-17 11:37:36.952,CONFIRMED,True,SpiceJet,BOM,MAA,BOM-MAA,2026-04-19 05:14:41.701,2026-04-19 09:59:41.701,285.0,False,VALID,VALID,20597.15,1,92e8e78de5ea033f,0-17,M
B1504,P1368,SJ021,2025-04-21 11:37:36.952,PENDING,False,SpiceJet,HYD,BLR,HYD-BLR,2026-04-19 05:48:41.701,2026-04-19 09:46:41.701,238.0,False,VALID,VALID,9917.92,1,e6450104d06644bf,35-54,F
B1505,P1645,SJ106,2025-11-29 11:37:36.952,CONFIRMED,True,SpiceJet,CCU,DEL,CCU-DEL,2026-04-19 07:16:41.702,2026-04-19 09:40:41.702,144.0,False,VALID,VALID,21422.41,3,4efa49bff9c89314,55+,F
B1506,P1557,SJ026,2026-01-29 11:37:36.952,CANCELLED,False,SpiceJet,CCU,MAA,CCU-MAA,2026-04-19 05:22:41.701,2026-04-19 09:40:41.701,258.0,False,VALID,VALID,0.0,0,c8666e35e4376147,55+,F
B1507,P1049,SJ245,2025-11-27 11:37:36.952,PENDING,False,SpiceJet,BOM,DEL,BOM-DEL,2026-04-19 06:07:41.704,2026-04-19 09:39:41.704,212.0,False,VALID,VALID,5548.85,3,e1983cc03bd1e15f,55+,F
B1508,P1677,AI023,2025-07-31 11:37:36.952,UNKNOWN,False,Air India,HYD,BLR,HYD-BLR,2026-04-19 06:10:41.701,2026-04-19 09:35:41.701,205.0,False,VALID,VALID,0.0,0,fb80277747aac668,55+,F
B1509,P1105,AI032,2025-09-25 11:37:36.952,CANCELLED,False,Air India,MAA,BLR,MAA-BLR,2026-04-19 07:26:41.701,2026-04-19 09:26:42.000,120.0,False,VALID,VALID,0.0,0,10d6d6ecb2a19a22,55+,F
B1510,P1215,AI236,2025-05-11 11:37:36.952,CANCELLED,False,Air India,DEL,BOM,DEL-BOM,2026-04-19 04:52:41.704,2026-04-19 09:11:41.704,259.0,False,VALID,VALID,0.0,0,e60442d25bc5f693,55+,M
B1511,P1657,6F094,2025-12-24 11:37:36.952,CANCELLED,False,IndiGo,BLR,BOM,BLR-BOM,2026-04-19 07:37:41.702,2026-04-19 09:06:41.702,89.0,False,VALID,VALID,0.0,0,ae37fa4a6e4efefd,0-17,F
B1512,P1922,UK163,2025-12-21 11:37:36.952,PENDING,False,Vistara,DEL,HYD,DEL-HYD,2026-04-19 07:22:41.703,2026-04-19 09:04:41.703,102.0,False,VALID,VALID,10350.86,1,932990ec1a779758,55+,F
B1513,P1424,UK163,2025-06-30 11:37:36.952,CONFIRMED,True,Vistara,DEL,HYD,DEL-HYD,2026-04-19 07:22:41.703,2026-04-19 09:04:41.703,102.0,False,VALID,VALID,6805.88,3,671275e88f80ab66,18-34,M
B1514,P1071,SJ045,2025-05-07 11:37:36.952,CANCELLED,False,SpiceJet,DEL,MAA,DEL-MAA,2026-04-19 04:16:41.701,2026-04-19 09:03:41.701,287.0,False,VALID,VALID,0.0,0,8e3db6260921f94b,55+,M
B1515,P1987,SJ006,2025-07-06 11:37:36.952,PENDING,False,SpiceJet,HYD,BLR,HYD-BLR,2026-04-19 08:25:41.701,2026-04-19 08:57:41.701,32.0,False,VALID,VALID,19339.24,1,afbd94f1848fd410,55+,F
B1516,P1841,SJ103,2025-08-05 11:37:36.952,CANCELLED,False,SpiceJet,MAA,BLR,MAA-BLR,2026-04-19 05:16:41.702,2026-04-19 08:56:41.702,220.0,False,VALID,VALID,0.0,0,115f110efe2c6529,0-17,M
B1517,P1784,6F221,2026-01-16 11:37:36.952,UNKNOWN,False,IndiGo,MAA,DEL,MAA-DEL,2026-04-19 05:20:41.704,2026-04-19 08:52:41.704,212.0,False,VALID,VALID,0.0,0,611287edff2d9e60,55+,F
B1518,P1758,SJ147,2026-03-20 11:37:36.952,UNKNOWN,False,SpiceJet,BLR,CCU,BLR-CCU,2026-04-19 04:30:41.702,2026-04-19 08:52:41.702,262.0,False,VALID,VALID,0.0,0,255778825079acb5,35-54,M
B1519,P1445,SJ064,2026-03-25 11:37:36.952,PENDING,False,SpiceJet,CCU,DEL,CCU-DEL,2026-04-19 06:29:41.701,2026-04-19 08:43:41.701,134.0,False,VALID,VALID,11189.75,1,10760f5869cb3300,55+,F
B1520,P1924,AI028,2026-04-02 11:37:36.952,CONFIRMED,True,Air India,HYD,BOM,HYD-BOM,2026-04-19 07:53:41.701,2026-04-19 08:35:41.701,42.0,False,VALID,VALID,6379.48,2,eb351e94403b6f60,55+,M
B1521,P1185,AI148,2025-11-08 11:37:36.952,PENDING,False,Air India,HYD,MAA,HYD-MAA,2026-04-19 05:41:41.703,2026-04-19 08:32:41.703,171.0,False,VALID,VALID,16218.49,3,120b27eb84582f37,18-34,M
B1522,P1069,6F263,2025-08-31 11:37:36.952,CONFIRMED,True,UNKNOWN,DEL,HYD,DEL-HYD,2026-04-19 07:07:41.703,2026-04-19 08:30:41.703,83.0,False,VALID,VALID,5632.8,1,19e6df3eeb202a02,0-17,M
B1523,P1973,SJ067,2025-05-19 11:37:36.952,PENDING,False,SpiceJet,MAA,BLR,MAA-BLR,2026-04-19 07:17:41.701,2026-04-19 08:16:41.701,59.0,False,VALID,VALID,11028.23,2,148b9ad00dca1b3d,35-54,F
B1524,P1149,6F061,2025-06-17 11:37:36.952,PENDING,False,IndiGo,MAA,BOM,MAA-BOM,2026-04-19 07:28:41.701,2026-04-19 08:09:41.701,41.0,False,VALID,VALID,24085.44,3,8c032fa2e7fa614d,18-34,M
B1525,P1245,AI254,2025-05-29 11:37:36.952,UNKNOWN,False,Air India,CCU,HYD,CCU-HYD,2026-04-19 04:46:41.704,2026-04-19 08:06:41.704,200.0,False,VALID,VALID,0.0,0,bf4ff98420fadf43,55+,F
B1526,P1773,SJ136,2025-11-15 11:37:36.952,CONFIRMED,True,SpiceJet,HYD,BLR,HYD-BLR,2026-04-19 05:45:41.702,2026-04-19 08:04:41.702,139.0,False,VALID,VALID,19986.31,3,744d91a3215c2e07,55+,M
B1527,P1537,AI046,2025-07-09 11:37:36.952,PENDING,False,UNKNOWN,DEL,BOM,DEL-BOM,2026-04-19 05:09:41.701,2026-04-19 08:00:41.701,171.0,False,VALID,VALID,9841.15,1,d53bf95834e27066,55+,M
B1528,P1934,UK174,2026-03-28 11:37:36.952,PENDING,False,Vistara,CCU,DEL,CCU-DEL,2026-04-19 05:27:41.703,2026-04-19 07:47:41.703,140.0,False,VALID,VALID,18128.63,3,ecbb0131879dd730,35-54,M
B1529,P1651,6F066,2025-04-30 11:37:36.952,UNKNOWN,False,IndiGo,BLR,HYD,BLR-HYD,2026-04-19 06:07:41.701,2026-04-19 07:43:41.701,96.0,False,VALID,VALID,0.0,0,5c2ee892f9c113da,55+,M
B1530,P1098,UK095,2025-12-08 11:37:36.952,UNKNOWN,False,Vistara,BOM,MAA,BOM-MAA,2026-04-19 05:22:41.702,2026-04-19 07:36:41.702,134.0,False,VALID,VALID,0.0,0,a283a09aa25e7484,55+,F
B1531,P1909,6F063,2026-04-01 11:37:36.952,PENDING,False,IndiGo,DEL,HYD,DEL-HYD,2026-04-19 04:42:41.701,2026-04-19 07:31:41.701,169.0,False,VALID,VALID,17099.55,2,2bb472f799372f4d,0-17,M
B1532,P1277,UK118,2025-04-22 11:37:36.952,PENDING,False,Vistara,HYD,BLR,HYD-BLR,2026-04-19 06:22:41.702,2026-04-19 07:22:42.000,60.0,False,VALID,VALID,3236.01,2,d9b6a9917a89ffe7,18-34,M
B1533,P1562,UK218,2025-09-15 11:37:36.952,PENDING,False,Vistara,MAA,BLR,MAA-BLR,2026-04-19 03:12:41.704,2026-04-19 07:22:41.704,250.0,False,VALID,VALID,7599.27,2,b7bdfefb74cf63d4,55+,M
B1534,P1662,UK031,2025-09-11 11:37:36.952,CONFIRMED,True,Vistara,CCU,DEL,CCU-DEL,2026-04-19 03:45:41.701,2026-04-19 07:20:41.701,215.0,False,VALID,VALID,14551.94,1,1da5ced675158aae,35-54,F
B1535,P1943,UK142,2026-04-02 11:37:36.952,PENDING,False,Vistara,BLR,DEL,BLR-DEL,2026-04-19 03:03:41.703,2026-04-19 07:13:41.703,250.0,False,VALID,VALID,6602.53,3,c298cecdba76c83f,18-34,M
B1536,P1454,AI002,2025-06-01 11:37:36.952,UNKNOWN,False,Air India,HYD,BLR,HYD-BLR,2026-04-19 05:12:41.700,2026-04-19 07:12:41.700,120.0,False,VALID,VALID,0.0,0,0a7fd94c6462ec54,0-17,M
B1537,P1103,UK070,2025-10-08 11:37:36.952,CONFIRMED,True,Vistara,BOM,DEL,BOM-DEL,2026-04-19 04:36:41.701,2026-04-19 06:49:41.701,133.0,False,VALID,VALID,21398.69,2,24fc7c6096a40eed,0-17,M
B1538,P1945,SJ121,2026-03-17 11:37:36.952,PENDING,False,SpiceJet,CCU,DEL,CCU-DEL,2026-04-19 05:32:41.702,2026-04-19 06:47:41.702,75.0,False,VALID,VALID,24760.93,3,214570e8e57cbbed,35-54,M
B1539,P1600,UK201,2025-06-11 11:37:36.952,CONFIRMED,True,Vistara,HYD,BOM,HYD-BOM,2026-04-19 04:29:41.703,2026-04-19 06:42:41.703,133.0,False,VALID,VALID,15231.33,2,653cdfb1325933b2,18-34,F
B1540,P1652,AI138,2026-01-15 11:37:36.952,CANCELLED,False,Air India,DEL,CCU,DEL-CCU,2026-04-19 05:50:41.702,2026-04-19 06:40:41.702,50.0,False,VALID,VALID,0.0,0,d28a5ecd0c7360ca,55+,M
B1541,P1724,SJ014,2025-12-16 11:37:36.952,CONFIRMED,True,SpiceJet,BOM,HYD,BOM-HYD,2026-04-19 05:40:41.701,2026-04-19 06:39:41.701,59.0,False,VALID,VALID,24787.08,2,b126a52f3502ee36,55+,M
B1542,P1232,SJ053,2025-12-13 11:37:36.952,PENDING,False,SpiceJet,CCU,DEL,CCU-DEL,2026-04-19 05:00:41.701,2026-04-19 06:38:41.701,98.0,False,VALID,VALID,6115.11,2,e418a33441293cc1,35-54,M
B1543,P1393,SJ241,2025-06-16 11:37:36.952,CANCELLED,False,SpiceJet,DEL,HYD,DEL-HYD,2026-04-19 03:57:41.704,2026-04-19 06:36:41.704,159.0,False,VALID,VALID,0.0,0,c4373c1b39af67a8,35-54,M
B1544,P1500,AI249,2025-09-01 11:37:36.952,CANCELLED,False,Air India,BLR,HYD,BLR-HYD,2026-04-19 03:38:41.704,2026-04-19 06:27:41.704,169.0,False,VALID,VALID,0.0,0,eda3949b35498cd8,55+,F
B1545,P1694,AI176,2026-03-08 11:37:36.952,PENDING,False,Air India,BLR,DEL,BLR-DEL,2026-04-19 04:20:41.703,2026-04-19 06:25:41.703,125.0,False,VALID,VALID,4761.08,1,b50944dade76ec98,55+,F
B1546,P1250,SJ234,2026-04-02 11:37:36.952,PENDING,False,SpiceJet,BLR,CCU,BLR-CCU,2026-04-19 04:20:41.704,2026-04-19 06:23:41.704,123.0,False,VALID,VALID,19617.26,1,c06f7e72b998fc9e,35-54,F
B1547,P1520,6F115,2025-04-18 11:37:36.952,PENDING,False,IndiGo,MAA,BLR,MAA-BLR,2026-04-19 04:41:41.702,2026-04-19 06:23:41.702,102.0,False,VALID,VALID,12543.14,1,598f3ecd29618917,55+,M
B1548,P1078,AI020,2025-10-04 11:37:36.952,CONFIRMED,True,Unknown,BOM,BLR,BOM-BLR,2026-04-19 03:53:41.701,2026-04-19 06:21:41.701,148.0,False,VALID,VALID,13325.19,3,a965c821df17a512,35-54,M
B1549,P1051,AI020,2025-12-16 11:37:36.952,CONFIRMED,True,Unknown,BOM,BLR,BOM-BLR,2026-04-19 03:53:41.701,2026-04-19 06:21:41.701,148.0,False,VALID,VALID,6314.81,1,c3b65a7f63cdf907,0-17,F
B1550,P1897,6F079,2025-12-06 11:37:36.952,CONFIRMED,True,IndiGo,MAA,HYD,MAA-HYD,2026-04-19 02:14:41.702,2026-04-19 06:18:41.702,244.0,False,VALID,VALID,6980.39,3,92e8e78de5ea033f,0-17,M
B1551,P1920,6F104,2025-11-14 11:37:36.952,UNKNOWN,False,IndiGo,CCU,BOM,CCU-BOM,2026-04-19 05:39:41.702,2026-04-19 06:14:41.702,35.0,False,VALID,VALID,0.0,0,b80f0792f54b48b7,35-54,F
B1552,P1780,UK046,2026-02-06 11:37:36.952,PENDING,False,Vistara,CCU,DEL,CCU-DEL,2026-04-19 03:37:41.701,2026-04-19 06:05:41.701,148.0,False,VALID,VALID,3982.28,1,54ea7cded53f3952,55+,M
B1553,P1225,SJ217,2025-11-15 11:37:36.952,CONFIRMED,True,SpiceJet,BOM,CCU,BOM-CCU,2026-04-19 02:57:41.703,2026-04-19 06:04:41.703,187.0,False,VALID,VALID,8122.75,2,680933683d565020,55+,M
B1554,P1050,6F142,2025-08-26 11:37:36.952,CANCELLED,False,IndiGo,CCU,MAA,CCU-MAA,2026-04-19 02:05:41.702,2026-04-19 06:04:41.702,239.0,False,VALID,VALID,0.0,0,91d46efeb9c1ecd9,0-17,F
B1555,P1185,SJ139,2026-04-04 11:37:36.952,CONFIRMED,True,SpiceJet,DEL,BLR,DEL-BLR,2026-04-19 02:20:41.702,2026-04-19 06:02:41.702,222.0,False,VALID,VALID,13784.35,2,120b27eb84582f37,18-34,M
B1556,P1033,6F059,2026-01-18 11:37:36.952,CANCELLED,False,IndiGo,BOM,DEL,BOM-DEL,2026-04-19 01:12:41.701,2026-04-19 06:02:41.701,290.0,False,VALID,VALID,0.0,0,bf96c740475045fb,55+,M
B1557,P1802,6F067,2025-08-10 11:37:36.952,PENDING,False,IndiGo,MAA,BLR,MAA-BLR,2026-04-19 02:59:41.701,2026-04-19 06:02:41.701,183.0,False,VALID,VALID,13852.38,2,844bcfc3767694bb,0-17,M
B1558,P1741,AI007,2025-08-07 11:37:36.952,PENDING,False,Air India,MAA,DEL,MAA-DEL,2026-04-19 04:01:41.701,2026-04-19 06:01:42.000,120.0,False,VALID,VALID,4850.54,2,1b785ebc8f4e1096,35-54,F
B1559,P1130,UK202,2026-01-20 11:37:36.952,CONFIRMED,True,Vistara,DEL,HYD,DEL-HYD,2026-04-19 01:11:41.703,2026-04-19 05:37:41.703,266.0,False,VALID,VALID,8360.68,2,5f77afa3d4c2de29,35-54,M
B1560,P1631,AI200,2026-03-07 11:37:36.952,CONFIRMED,True,Air India,HYD,MAA,HYD-MAA,2026-04-19 02:05:41.703,2026-04-19 05:29:41.703,204.0,False,VALID,VALID,21558.94,3,d5169308ce3fd20e,35-54,F
B1561,P1442,UK172,2026-01-27 11:37:36.952,PENDING,False,Vistara,DEL,BOM,DEL-BOM,2026-04-19 02:20:41.703,2026-04-19 05:21:41.703,181.0,False,VALID,VALID,17026.95,2,9182058658b2ce97,55+,M
B1562,P1837,6F214,2025-05-01 11:37:36.952,CONFIRMED,True,IndiGo,BOM,CCU,BOM-CCU,2026-04-19 01:21:41.703,2026-04-19 05:20:41.703,239.0,False,VALID,VALID,17281.28,2,5f42312a213a9170,18-34,F
B1563,P1758,UK037,2025-09-11 11:37:36.952,PENDING,False,Vistara,BLR,BOM,BLR-BOM,2026-04-19 01:10:41.701,2026-04-19 05:12:41.701,242.0,False,VALID,VALID,17744.47,3,255778825079acb5,35-54,M
B1564,P1431,AI022,2025-08-14 11:37:36.952,PENDING,False,Air India,BOM,MAA,BOM-MAA,2026-04-19 03:15:41.701,2026-04-19 05:10:41.701,115.0,False,VALID,VALID,19783.87,3,4ff00403397e83e7,55+,F
B1565,P1703,AI243,2026-02-06 11:37:36.952,CANCELLED,False,Unknown,BLR,BOM,BLR-BOM,2026-04-19 02:50:41.704,2026-04-19 05:09:41.704,139.0,False,VALID,VALID,0.0,0,d852af5fb259e5b8,0-17,M
B1566,P1496,SJ174,2025-10-08 11:37:36.952,CONFIRMED,True,SpiceJet,CCU,DEL,CCU-DEL,2026-04-19 04:09:41.703,2026-04-19 05:04:41.703,55.0,False,VALID,VALID,11065.38,3,67455a9d4cfb6403,18-34,M
B1567,P1402,SJ079,2025-11-13 11:37:36.952,PENDING,False,SpiceJet,HYD,DEL,HYD-DEL,2026-04-19 01:58:41.702,2026-04-19 05:02:41.702,184.0,False,VALID,VALID,14869.6,2,badbc8cd2f0a1abb,55+,F
B1568,P1322,UK097,2025-12-21 11:37:36.952,CONFIRMED,True,Vistara,HYD,BOM,HYD-BOM,2026-04-19 00:49:41.702,2026-04-19 05:00:41.702,251.0,False,VALID,VALID,10446.04,3,fff87090542f8b51,0-17,M
B1569,P1209,AI013,2025-12-26 11:37:36.952,CANCELLED,False,Air India,HYD,BLR,HYD-BLR,2026-04-19 03:41:41.701,2026-04-19 04:58:41.701,77.0,False,VALID,VALID,0.0,0,bdc50ba48d0be6aa,35-54,M
B1570,P1614,UK196,2025-11-21 11:37:36.952,CANCELLED,False,Vistara,BOM,HYD,BOM-HYD,2026-04-19 00:32:41.703,2026-04-19 04:49:41.703,257.0,False,VALID,VALID,0.0,0,43162d4ec9ebb8ca,55+,F
B1571,P1328,SJ213,2025-11-06 11:37:36.952,CONFIRMED,True,SpiceJet,BOM,CCU,BOM-CCU,2026-04-19 01:19:41.703,2026-04-19 04:48:41.703,209.0,False,VALID,VALID,19909.81,2,bb7774ccaf953afb,18-34,M
B1572,P1371,UK119,2025-05-26 11:37:36.952,CONFIRMED,True,Vistara,BOM,CCU,BOM-CCU,2026-04-19 00:21:41.702,2026-04-19 04:38:41.702,257.0,False,VALID,VALID,21744.34,3,7e8681b0b5dcad0d,0-17,M
B1573,P1459,AI043,2026-03-18 11:37:36.952,PENDING,False,Air India,CCU,DEL,CCU-DEL,2026-04-19 00:28:41.701,2026-04-19 04:37:41.701,249.0,False,VALID,VALID,14105.41,2,dd2315e37eac9292,18-34,F
B1574,P1132,AI043,2025-04-29 11:37:36.952,CANCELLED,False,Air India,CCU,DEL,CCU-DEL,2026-04-19 00:28:41.701,2026-04-19 04:37:41.701,249.0,False,VALID,VALID,0.0,0,9c2461755b69c4ab,0-17,F
B1575,P1834,AI143,2025-06-16 11:37:36.952,CANCELLED,False,Air India,CCU,DEL,CCU-DEL,2026-04-19 03:58:41.702,2026-04-19 04:36:41.702,38.0,False,VALID,VALID,0.0,0,7aa176d0a5f6a996,55+,M
B1576,P1650,SJ032,2025-10-20 11:37:36.952,UNKNOWN,False,SpiceJet,MAA,BOM,MAA-BOM,2026-04-19 02:11:41.701,2026-04-19 04:33:41.701,142.0,False,VALID,VALID,0.0,0,a0c14a5b58b31883,0-17,F
B1577,P1120,6F050,2026-01-24 11:37:36.952,CONFIRMED,True,IndiGo,DEL,BOM,DEL-BOM,2026-04-19 00:35:41.701,2026-04-19 04:32:41.701,237.0,False,VALID,VALID,10493.0,2,2dc43d859714a78e,18-34,M
B1578,P1605,AI134,2025-12-25 11:37:36.952,PENDING,False,Air India,HYD,BOM,HYD-BOM,2026-04-19 00:28:41.702,2026-04-19 04:23:41.702,235.0,False,VALID,VALID,13973.97,2,e2aecd9570718a88,55+,M
B1579,P1451,6F182,2025-04-24 11:37:36.952,CONFIRMED,True,IndiGo,BOM,CCU,BOM-CCU,2026-04-19 02:10:41.703,2026-04-19 04:18:41.703,128.0,False,VALID,VALID,14691.04,2,f2e1cb35b74d3669,35-54,F
B1580,P1964,SJ086,2025-10-08 11:37:36.952,CONFIRMED,True,SpiceJet,CCU,DEL,CCU-DEL,2026-04-19 00:32:41.702,2026-04-19 04:17:41.702,225.0,False,VALID,VALID,5309.55,2,a759aaee02294002,55+,F
B1581,P1128,6F170,2025-08-06 11:37:36.952,CONFIRMED,True,IndiGo,HYD,DEL,HYD-DEL,2026-04-19 02:44:41.703,2026-04-19 04:14:41.703,90.0,False,VALID,VALID,11768.16,1,9c8b72e9309f1ca4,35-54,M
B1582,P1090,UK168,2025-04-24 11:37:36.952,PENDING,False,Vistara,BLR,CCU,BLR-CCU,2026-04-19 03:20:41.703,2026-04-19 04:09:41.703,49.0,False,VALID,VALID,23181.43,3,89b838af3563d06b,18-34,F
B1583,P1603,SJ072,2026-02-22 11:37:36.952,UNKNOWN,False,SpiceJet,DEL,HYD,DEL-HYD,2026-04-19 01:18:41.701,2026-04-19 04:08:41.701,170.0,False,VALID,VALID,0.0,0,0b40c4ed7240e82b,35-54,M
B1584,P1574,UK075,2025-04-28 11:37:36.952,CANCELLED,False,Vistara,MAA,CCU,MAA-CCU,2026-04-18 23:15:41.702,2026-04-19 03:54:41.702,279.0,False,VALID,VALID,0.0,0,f74c7ceeba75df59,35-54,F
B1585,P1028,6F233,2026-01-08 11:37:36.952,CANCELLED,False,IndiGo,BLR,BOM,BLR-BOM,2026-04-18 23:56:41.704,2026-04-19 03:53:41.704,237.0,False,VALID,VALID,0.0,0,323969a7963eafc6,55+,F
B1586,P1721,SJ143,2025-11-13 11:37:36.952,CANCELLED,False,SpiceJet,DEL,BOM,DEL-BOM,2026-04-19 02:55:41.702,2026-04-19 03:52:41.702,57.0,False,VALID,VALID,0.0,0,92929313a7506963,35-54,M
B1587,P1523,SJ246,2025-06-28 11:37:36.952,PENDING,False,SpiceJet,BOM,DEL,BOM-DEL,2026-04-19 02:47:41.704,2026-04-19 03:47:42.000,60.0,False,VALID,VALID,3546.11,1,ad3bdf275e916fda,55+,F
B1588,P1332,SJ247,2025-11-04 11:37:36.952,CONFIRMED,True,SpiceJet,DEL,BOM,DEL-BOM,2026-04-18 23:38:41.704,2026-04-19 03:43:41.704,245.0,False,VALID,VALID,23404.13,1,901331ea90015d4b,55+,M
B1589,P1296,UK157,2025-08-31 11:37:36.952,PENDING,False,Vistara,CCU,BOM,CCU-BOM,2026-04-19 02:41:41.703,2026-04-19 03:41:42.000,60.0,False,VALID,VALID,12860.56,1,05eea77c075ff732,0-17,F
B1590,P1129,UK069,2026-04-01 11:37:36.952,CONFIRMED,True,Vistara,CCU,DEL,CCU-DEL,2026-04-19 01:10:41.701,2026-04-19 03:23:41.701,133.0,False,VALID,VALID,9765.77,2,0211dba0308362d0,55+,F
B1591,P1292,AI106,2025-11-20 11:37:36.952,CANCELLED,False,Air India,HYD,BLR,HYD-BLR,2026-04-19 02:07:41.702,2026-04-19 03:20:41.702,73.0,False,VALID,VALID,0.0,0,a29b0b8a8a5283bc,18-34,M
B1592,P1172,UK085,2025-11-17 11:37:36.952,CONFIRMED,True,Vistara,MAA,DEL,MAA-DEL,2026-04-19 02:15:41.702,2026-04-19 03:17:41.702,62.0,False,VALID,VALID,3160.92,3,872ce3ad7cd88dc9,0-17,F
B1593,P1719,6F087,2025-09-24 11:37:36.952,UNKNOWN,False,IndiGo,DEL,HYD,DEL-HYD,2026-04-18 23:24:41.702,2026-04-19 03:10:41.702,226.0,False,VALID,VALID,0.0,0,4f298002003d87c1,0-17,F
B1594,P1943,AI067,2025-06-01 11:37:36.952,CONFIRMED,True,Air India,HYD,DEL,HYD-DEL,2026-04-18 23:36:41.701,2026-04-19 03:09:41.701,213.0,False,VALID,VALID,18466.74,3,c298cecdba76c83f,18-34,M
B1595,P1023,6F226,2026-01-07 11:37:36.952,PENDING,False,IndiGo,DEL,BOM,DEL-BOM,2026-04-19 00:38:41.704,2026-04-19 02:55:41.704,137.0,False,VALID,VALID,16942.94,1,b502debe7f09d395,55+,F
B1596,P1098,SJ210,2025-12-20 11:37:36.952,CONFIRMED,True,SpiceJet,HYD,CCU,HYD-CCU,2026-04-18 23:21:41.703,2026-04-19 02:54:41.703,213.0,False,VALID,VALID,24599.73,3,a283a09aa25e7484,55+,F
B1597,P1405,6F269,2025-10-23 11:37:36.952,CONFIRMED,True,UNKNOWN,HYD,MAA,HYD-MAA,2026-04-19 01:30:41.702,2026-04-19 02:52:41.702,82.0,False,VALID,VALID,16647.87,2,057f584babdcf5f8,55+,M
B1598,P1355,UK013,2026-01-02 11:37:36.952,CONFIRMED,True,Vistara,BOM,MAA,BOM-MAA,2026-04-18 23:52:41.701,2026-04-19 02:52:41.701,180.0,False,VALID,VALID,13505.13,3,e34896f79a0e0759,35-54,F
B1599,P1138,UK013,2025-09-30 11:37:36.952,PENDING,False,Vistara,BOM,MAA,BOM-MAA,2026-04-18 23:52:41.701,2026-04-19 02:52:41.701,180.0,False,VALID,VALID,19751.52,3,f1f58d998de0d7ee,55+,M
B1600,P1502,UK143,2025-07-20 11:37:36.952,PENDING,False,Vistara,BLR,BOM,BLR-BOM,2026-04-19 01:34:41.703,2026-04-19 02:48:41.703,74.0,False,VALID,VALID,22873.21,2,8265fbf82c26f5f4,55+,F
B1601,P1825,6F262,2025-09-07 11:37:36.952,PENDING,False,UNKNOWN,MAA,DEL,MAA-DEL,2026-04-19 01:44:41.702,2026-04-19 02:47:41.702,63.0,False,VALID,VALID,18855.31,1,f1e921ffaf861ea3,55+,M
B1602,P1173,6F042,2025-07-07 11:37:36.952,UNKNOWN,False,IndiGo,HYD,DEL,HYD-DEL,2026-04-18 22:35:41.701,2026-04-19 02:41:41.701,246.0,False,VALID,VALID,0.0,0,d74aca86f92c65ca,18-34,F
B1603,P1028,SJ118,2025-12-06 11:37:36.952,CANCELLED,False,SpiceJet,DEL,BOM,DEL-BOM,2026-04-19 01:08:41.702,2026-04-19 02:33:41.702,85.0,False,VALID,VALID,0.0,0,323969a7963eafc6,55+,F
B1604,P1930,SJ118,2025-11-17 11:37:36.952,CANCELLED,False,SpiceJet,DEL,BOM,DEL-BOM,2026-04-19 01:08:41.702,2026-04-19 02:33:41.702,85.0,False,VALID,VALID,0.0,0,49062701bc172585,0-17,F
B1605,P1495,SJ082,2025-10-03 11:37:36.952,CANCELLED,False,SpiceJet,BOM,DEL,BOM-DEL,2026-04-19 01:54:41.702,2026-04-19 02:33:41.702,39.0,False,VALID,VALID,0.0,0,da15c99dc20d50e0,0-17,F
B1606,P1654,6F015,2025-07-18 11:37:36.952,CONFIRMED,True,IndiGo,BOM,CCU,BOM-CCU,2026-04-18 23:39:41.701,2026-04-19 02:27:41.701,168.0,False,VALID,VALID,19113.1,1,5e7e23a4ca4cb432,18-34,M
B1607,P1827,AI101,2026-02-02 11:37:36.952,UNKNOWN,False,Air India,DEL,BLR,DEL-BLR,2026-04-18 23:20:41.702,2026-04-19 02:23:41.702,183.0,False,VALID,VALID,0.0,0,381fb8bf617b85b1,18-34,F
B1608,P1350,SJ110,2025-06-28 11:37:36.952,CANCELLED,False,SpiceJet,CCU,DEL,CCU-DEL,2026-04-19 01:47:41.702,2026-04-19 02:20:41.702,33.0,False,VALID,VALID,0.0,0,cfc35c9d3cd9f8de,18-34,M
B1609,P1553,SJ042,2025-10-21 11:37:36.952,CANCELLED,False,SpiceJet,HYD,CCU,HYD-CCU,2026-04-18 22:38:41.701,2026-04-19 02:20:41.701,222.0,False,VALID,VALID,0.0,0,d78d33086a6ac709,55+,M
B1610,P1298,6F145,2025-10-13 11:37:36.952,CONFIRMED,True,IndiGo,CCU,DEL,CCU-DEL,2026-04-19 01:02:41.703,2026-04-19 02:18:41.703,76.0,False,VALID,VALID,24335.93,3,fb8fab599298ca76,35-54,M
B1611,P1719,UK029,2026-01-05 11:37:36.952,CANCELLED,False,Vistara,DEL,BOM,DEL-BOM,2026-04-18 23:26:41.701,2026-04-19 02:15:41.701,169.0,False,VALID,VALID,0.0,0,4f298002003d87c1,0-17,F
B1612,P1841,SJ200,2025-04-18 11:37:36.952,CANCELLED,False,SpiceJet,BOM,DEL,BOM-DEL,2026-04-18 23:24:41.703,2026-04-19 02:11:41.703,167.0,False,VALID,VALID,0.0,0,115f110efe2c6529,0-17,M
B1613,P1944,SJ209,2026-01-29 11:37:36.952,CONFIRMED,True,SpiceJet,BLR,BOM,BLR-BOM,2026-04-18 22:22:41.703,2026-04-19 02:03:41.703,221.0,False,VALID,VALID,19142.58,3,9891e403b0f09d3e,0-17,M
B1613,P1944,SJ209,2026-01-29 11:37:36.952,CONFIRMED,True,SpiceJet,BLR,BOM,BLR-BOM,2026-04-18 22:22:41.703,2026-04-19 02:03:41.703,221.0,False,VALID,VALID,19142.58,3,9891e403b0f09d3e,0-17,M
B1614,P1191,AI116,2025-05-11 11:37:36.952,UNKNOWN,False,Air India,CCU,BOM,CCU-BOM,2026-04-18 22:30:41.702,2026-04-19 01:57:41.702,207.0,False,VALID,VALID,0.0,0,687eea855b2141c9,55+,F
B1615,P1671,6F117,2025-05-23 11:37:36.952,CANCELLED,False,IndiGo,CCU,DEL,CCU-DEL,2026-04-19 00:46:41.702,2026-04-19 01:51:41.702,65.0,False,VALID,VALID,0.0,0,02d9d27ae05319a4,18-34,M
B1616,P1063,SJ181,2025-12-23 11:37:36.952,PENDING,False,SpiceJet,BOM,BLR,BOM-BLR,2026-04-19 00:20:41.703,2026-04-19 01:49:41.703,89.0,False,VALID,VALID,5725.14,1,44095b416ec47fb2,35-54,F
B1617,P1754,AI070,2025-05-10 11:37:36.952,UNKNOWN,False,Air India,CCU,DEL,CCU-DEL,2026-04-19 00:05:41.702,2026-04-19 01:44:41.702,99.0,False,VALID,VALID,0.0,0,c8825a62bdff38dd,18-34,M
B1618,P1769,AI070,2026-01-19 11:37:36.952,CONFIRMED,True,Air India,CCU,DEL,CCU-DEL,2026-04-19 00:05:41.702,2026-04-19 01:44:41.702,99.0,False,VALID,VALID,20101.55,3,127d54786aaee6c1,55+,F
B1619,P1663,UK042,2026-02-05 11:37:36.952,PENDING,False,Vistara,MAA,BOM,MAA-BOM,2026-04-18 20:59:41.701,2026-04-19 01:38:41.701,279.0,False,VALID,VALID,13773.39,2,984e6bf675c3775a,55+,F
B1620,P1214,AI169,2026-02-24 11:37:36.952,PENDING,False,Air India,CCU,DEL,CCU-DEL,2026-04-18 21:21:41.703,2026-04-19 01:34:41.703,253.0,False,VALID,VALID,24681.88,3,304f4d73814c7a52,55+,M
B1621,P1833,6F021,2025-12-21 11:37:36.952,PENDING,False,IndiGo,BLR,MAA,BLR-MAA,2026-04-18 21:23:41.701,2026-04-19 01:25:41.701,242.0,False,VALID,VALID,13229.42,1,1047b7c4faa338bb,35-54,M
B1622,P1165,SJ046,2025-06-23 11:37:36.952,PENDING,False,SpiceJet,BOM,MAA,BOM-MAA,2026-04-18 22:01:41.701,2026-04-19 01:25:41.701,204.0,False,VALID,VALID,24514.17,2,8f17adbeae4fc7c3,35-54,M
B1623,P1542,AI211,2025-08-17 11:37:36.952,CANCELLED,False,Air India,DEL,CCU,DEL-CCU,2026-04-18 23:34:41.703,2026-04-19 01:21:41.703,107.0,False,VALID,VALID,0.0,0,9e61fe0e86b4cad7,35-54,M
B1623,P1542,AI211,2025-08-17 11:37:36.952,CANCELLED,False,Air India,DEL,CCU,DEL-CCU,2026-04-18 23:34:41.703,2026-04-19 01:21:41.703,107.0,False,VALID,VALID,0.0,0,9e61fe0e86b4cad7,35-54,M
B1624,P1882,SJ091,2025-12-20 11:37:36.952,CANCELLED,False,SpiceJet,BLR,CCU,BLR-CCU,2026-04-18 23:10:41.702,2026-04-19 00:47:41.702,97.0,False,VALID,VALID,0.0,0,21b69c3f33f23bff,55+,F
B1625,P1231,AI123,2026-04-05 11:37:36.952,PENDING,False,Air India,MAA,BOM,MAA-BOM,2026-04-18 22:19:41.702,2026-04-19 00:45:41.702,146.0,False,VALID,VALID,4866.02,3,6dbf5c97b3972bc3,55+,M
B1626,P1793,6F053,2025-04-17 11:37:36.952,CANCELLED,False,IndiGo,DEL,HYD,DEL-HYD,2026-04-18 20:26:41.701,2026-04-19 00:39:41.701,253.0,False,VALID,VALID,0.0,0,7b3d44d6828e3b78,55+,M
B1627,P1540,UK012,2026-01-09 11:37:36.952,PENDING,False,Vistara,MAA,BOM,MAA-BOM,2026-04-18 22:16:41.701,2026-04-19 00:25:41.701,129.0,False,VALID,VALID,20645.32,2,7f7a4a05ac7584dc,18-34,F
B1628,P1194,6F023,2025-11-25 11:37:36.952,PENDING,False,IndiGo,MAA,BLR,MAA-BLR,2026-04-18 20:18:41.701,2026-04-19 00:14:41.701,236.0,False,VALID,VALID,23343.44,1,6da5c98a0e976031,0-17,M
B1629,P1505,AI250,2026-01-02 11:37:36.952,CONFIRMED,True,UNKNOWN,BOM,CCU,BOM-CCU,2026-04-18 20:48:41.704,2026-04-19 00:12:41.704,204.0,False,VALID,VALID,21096.83,1,b3b2bddc4a1da019,55+,F
B1630,P1333,AI238,2026-04-07 11:37:36.952,PENDING,False,Air India,CCU,MAA,CCU-MAA,2026-04-18 19:25:41.704,2026-04-19 00:07:41.704,282.0,False,VALID,VALID,3813.36,2,576f2b5c5c776cbe,55+,M
B1631,P1767,UK096,2026-02-17 11:37:36.952,CANCELLED,False,Vistara,BLR,HYD,BLR-HYD,2026-04-18 22:11:41.702,2026-04-19 00:06:41.702,115.0,False,VALID,VALID,0.0,0,9dbf68e071e2c1bc,0-17,M
B1632,P1792,UK126,2026-03-30 11:37:36.952,PENDING,False,Vistara,CCU,DEL,CCU-DEL,2026-04-18 22:37:41.702,2026-04-19 00:03:41.702,86.0,False,VALID,VALID,4071.37,1,c341214938cd7c5e,18-34,M
B1633,P1303,SJ195,2025-08-30 11:37:36.952,CONFIRMED,True,SpiceJet,BOM,CCU,BOM-CCU,2026-04-18 20:41:41.703,2026-04-18 23:54:41.703,193.0,False,VALID,VALID,5404.21,3,04dc00943c6cc896,18-34,F
B1634,P1832,SJ171,2025-12-25 11:37:36.952,CANCELLED,False,SpiceJet,DEL,HYD,DEL-HYD,2026-04-18 20:52:41.703,2026-04-18 23:52:41.703,180.0,False,VALID,VALID,0.0,0,2a8fcf287fa1e6f5,55+,F
B1635,P1436,AI136,2025-08-14 11:37:36.952,UNKNOWN,False,Air India,BLR,DEL,BLR-DEL,2026-04-18 20:29:41.702,2026-04-18 23:48:41.702,199.0,False,VALID,VALID,0.0,0,6d64c5db9320443a,18-34,F
B1636,P1322,SJ192,2025-05-27 11:37:36.952,CONFIRMED,True,SpiceJet,HYD,BOM,HYD-BOM,2026-04-19 18:45:42.000,2026-04-19 23:45:42.000,300.0,True,VALID,VALID,20021.86,1,fff87090542f8b51,0-17,M
B1637,P1501,6F035,2025-12-01 11:37:36.952,PENDING,False,IndiGo,CCU,HYD,CCU-HYD,2026-04-18 19:16:41.701,2026-04-18 23:40:41.701,264.0,False,VALID,VALID,22040.04,2,69b5e68dd6e023bd,55+,M
B1638,P1857,UK088,2026-02-23 11:37:36.952,CONFIRMED,True,Unknown,MAA,BLR,MAA-BLR,2026-04-18 19:16:41.702,2026-04-18 23:36:41.702,260.0,False,VALID,VALID,19267.49,2,0e313068dce20d1a,55+,M
B1639,P1913,6F009,2025-09-14 11:37:36.952,CONFIRMED,True,IndiGo,BLR,CCU,BLR-CCU,2026-04-18 20:21:41.701,2026-04-18 23:36:41.701,195.0,False,VALID,VALID,20619.18,1,86d87cbac905451c,55+,F
B1640,P1392,6F004,2026-01-28 11:37:36.952,CANCELLED,False,IndiGo,BOM,CCU,BOM-CCU,2026-04-18 19:53:41.701,2026-04-18 23:33:41.701,220.0,False,VALID,VALID,0.0,0,e453e79b699aadfa,35-54,M
B1641,P1805,UK122,2026-03-27 11:37:36.952,UNKNOWN,False,Vistara,HYD,CCU,HYD-CCU,2026-04-18 20:29:42.000,2026-04-18 23:29:42.000,180.0,False,VALID,VALID,0.0,0,515ee739d3b1e850,55+,F
B1642,P1598,AI251,2026-02-15 11:37:36.952,PENDING,False,Air India,MAA,DEL,MAA-DEL,2026-04-18 22:40:41.704,2026-04-18 23:24:41.704,44.0,False,VALID,VALID,16681.75,3,b6699f1f75b07aaa,35-54,M
B1643,P1148,AI027,2026-02-04 11:37:36.952,PENDING,False,Air India,BOM,MAA,BOM-MAA,2026-04-18 19:41:41.701,2026-04-18 23:23:41.701,222.0,False,VALID,VALID,21878.76,1,f20ce3cb543f67bc,35-54,M
B1644,P1760,SJ165,2025-10-20 11:37:36.952,PENDING,False,SpiceJet,CCU,BOM,CCU-BOM,2026-04-18 20:08:41.703,2026-04-18 23:18:41.703,190.0,False,VALID,VALID,3099.0,3,3d686e842d77285c,55+,M
B1645,P1832,UK081,2025-08-16 11:37:36.952,CONFIRMED,True,Unknown,BLR,DEL,BLR-DEL,2026-04-18 22:00:41.702,2026-04-18 23:00:41.702,60.0,False,VALID,VALID,14321.85,3,2a8fcf287fa1e6f5,55+,F
B1646,P1404,UK191,2025-09-27 11:37:36.952,CANCELLED,False,Vistara,MAA,BLR,MAA-BLR,2026-04-18 21:51:41.703,2026-04-18 22:57:41.703,66.0,False,VALID,VALID,0.0,0,705e8a54ff06745a,35-54,M
B1647,P1282,SJ188,2025-11-06 11:37:36.952,PENDING,False,SpiceJet,BLR,BOM,BLR-BOM,2026-04-18 22:15:41.703,2026-04-18 22:55:41.703,40.0,False,VALID,VALID,3651.36,2,a5d7ccdbaa33ef6a,35-54,M
B1648,P1361,6F016,2025-08-09 11:37:36.952,CONFIRMED,True,IndiGo,HYD,BOM,HYD-BOM,2026-04-18 22:18:41.701,2026-04-18 22:54:41.701,36.0,False,VALID,VALID,11829.82,3,2b4d0c8fdf599c05,18-34,F
B1649,P1378,6F064,2026-04-05 11:37:36.952,PENDING,False,IndiGo,CCU,DEL,CCU-DEL,2026-04-18 21:45:41.701,2026-04-18 22:50:41.701,65.0,False,VALID,VALID,22703.97,2,c4815f266028f068,18-34,M
B1650,P1197,SJ105,2026-04-03 11:37:36.952,UNKNOWN,False,SpiceJet,BOM,HYD,BOM-HYD,2026-04-18 19:22:41.702,2026-04-18 22:48:41.702,206.0,False,VALID,VALID,0.0,0,4501ed1c58dd1fd2,0-17,M
B1651,P1555,SJ054,2025-09-09 11:37:36.952,CANCELLED,False,SpiceJet,MAA,BLR,MAA-BLR,2026-04-18 18:13:41.701,2026-04-18 22:46:41.701,273.0,False,VALID,VALID,0.0,0,1e373aeda1556f7d,35-54,M
B1652,P1355,6F197,2025-12-19 11:37:36.952,PENDING,False,IndiGo,BOM,BLR,BOM-BLR,2026-04-18 17:59:41.703,2026-04-18 22:44:41.703,285.0,False,VALID,VALID,21761.18,3,e34896f79a0e0759,35-54,F
B1653,P1539,AI040,2026-03-26 11:37:36.952,CANCELLED,False,Air India,HYD,BLR,HYD-BLR,2026-04-18 21:01:41.701,2026-04-18 22:42:41.701,101.0,False,VALID,VALID,0.0,0,15258cca169e4b6f,55+,M
B1654,P1428,AI131,2025-08-14 11:37:36.952,UNKNOWN,False,Air India,MAA,BOM,MAA-BOM,2026-04-18 19:55:41.702,2026-04-18 22:35:41.702,160.0,False,VALID,VALID,0.0,0,9a5d603fd6eacc40,0-17,M
B1655,P1016,6F141,2025-10-09 11:37:36.952,PENDING,False,IndiGo,BOM,CCU,BOM-CCU,2026-04-18 20:26:41.702,2026-04-18 22:28:41.702,122.0,False,VALID,VALID,9576.76,3,a41aa336bdc7df1d,18-34,M
B1656,P1638,UK035,2025-05-12 11:37:36.952,CONFIRMED,True,Vistara,HYD,BOM,HYD-BOM,2026-04-18 21:08:41.701,2026-04-18 22:24:41.701,76.0,False,VALID,VALID,15987.05,1,7b6084460742c67c,0-17,F
B1657,P1378,AI005,2025-08-28 11:37:36.952,CONFIRMED,True,Air India,DEL,CCU,DEL-CCU,2026-04-18 21:24:41.701,2026-04-18 22:11:41.701,47.0,False,VALID,VALID,11732.68,2,c4815f266028f068,18-34,M
B1658,P1679,AI001,2025-06-22 11:37:36.952,CONFIRMED,True,Air India,DEL,HYD,DEL-HYD,2026-04-18 19:00:41.700,2026-04-18 22:03:41.700,183.0,False,VALID,VALID,9046.15,1,9ace1218d596c69b,18-34,F
B1659,P1505,UK211,2026-01-17 11:37:36.952,PENDING,False,Vistara,MAA,CCU,MAA-CCU,2026-04-18 20:39:41.704,2026-04-18 22:02:41.704,83.0,False,VALID,VALID,22504.27,2,b3b2bddc4a1da019,55+,F
B1660,P1755,SJ189,2026-04-04 11:37:36.952,CANCELLED,False,SpiceJet,HYD,BLR,HYD-BLR,2026-04-18 17:05:41.703,2026-04-18 22:01:41.703,296.0,False,VALID,VALID,0.0,0,b63f0c822b6e830a,55+,M
B1661,P1898,UK006,2025-04-21 11:37:36.952,PENDING,False,Vistara,MAA,CCU,MAA-CCU,2026-04-18 20:16:41.701,2026-04-18 21:55:41.701,99.0,False,VALID,VALID,4865.86,3,459b89f1c1c07e4e,0-17,F
B1662,P1075,6F189,2025-10-13 11:37:36.952,CONFIRMED,True,IndiGo,MAA,BLR,MAA-BLR,2026-04-18 20:08:41.703,2026-04-18 21:51:41.703,103.0,False,VALID,VALID,10522.39,1,a741b6dd8a5b8f15,55+,F
B1663,P1230,AI133,2025-05-16 11:37:36.952,CANCELLED,False,Air India,DEL,CCU,DEL-CCU,2026-04-18 19:12:41.702,2026-04-18 21:32:41.702,140.0,False,VALID,VALID,0.0,0,afbe1d334c79478b,18-34,F
B1664,P1715,SJ216,2025-11-08 11:37:36.952,CONFIRMED,True,SpiceJet,BOM,CCU,BOM-CCU,2026-04-18 18:35:41.703,2026-04-18 21:31:41.703,176.0,False,VALID,VALID,20763.5,3,6c78ca347eb017af,0-17,M
B1665,P1961,SJ133,2026-03-04 11:37:36.952,CANCELLED,False,SpiceJet,BOM,CCU,BOM-CCU,2026-04-18 18:50:41.702,2026-04-18 21:29:41.702,159.0,False,VALID,VALID,0.0,0,1a2d875e42cbcde5,35-54,M
B1666,P1247,UK082,2026-03-05 11:37:36.952,PENDING,False,Vistara,DEL,BOM,DEL-BOM,2026-04-18 16:50:41.702,2026-04-18 21:21:41.702,271.0,False,VALID,VALID,9519.97,3,6ab8a8743eee13a3,35-54,F
B1667,P1301,6F136,2026-02-16 11:37:36.952,CANCELLED,False,IndiGo,CCU,DEL,CCU-DEL,2026-04-18 20:24:41.702,2026-04-18 21:01:41.702,37.0,False,VALID,VALID,0.0,0,2f421b3dbb240a28,55+,F
B1668,P1725,6F039,2025-04-30 11:37:36.952,PENDING,False,IndiGo,MAA,CCU,MAA-CCU,2026-04-18 16:43:41.701,2026-04-18 21:01:41.701,258.0,False,VALID,VALID,6010.07,3,d2d103f48be2ff0f,55+,M
B1669,P1214,AI011,2025-06-16 11:37:36.952,CONFIRMED,True,Air India,CCU,BOM,CCU-BOM,2026-04-18 16:58:41.701,2026-04-18 21:01:41.701,243.0,False,VALID,VALID,15647.18,2,304f4d73814c7a52,55+,M
B1670,P1157,SJ225,2025-05-12 11:37:36.952,CANCELLED,False,Unknown,DEL,HYD,DEL-HYD,2026-04-18 18:16:41.704,2026-04-18 20:53:41.704,157.0,False,VALID,VALID,0.0,0,4a6add987cf788a4,55+,M
B1671,P1068,SJ024,2025-07-08 11:37:36.952,CONFIRMED,True,SpiceJet,DEL,MAA,DEL-MAA,2026-04-18 16:29:41.701,2026-04-18 20:21:41.701,232.0,False,VALID,VALID,18419.38,3,2160872f2e614a13,35-54,M
B1672,P1392,AI109,2025-08-01 11:37:36.952,CANCELLED,False,Air India,BLR,BOM,BLR-BOM,2026-04-18 15:53:41.702,2026-04-18 20:14:41.702,261.0,False,VALID,VALID,0.0,0,e453e79b699aadfa,35-54,M
B1673,P1084,AI147,2025-06-12 11:37:36.952,UNKNOWN,False,Air India,HYD,CCU,HYD-CCU,2026-04-18 18:14:41.703,2026-04-18 20:10:41.703,116.0,False,VALID,VALID,0.0,0,c9a061d04a6e0a5d,35-54,F
B1674,P1266,UK057,2025-11-03 11:37:36.952,CANCELLED,False,Vistara,CCU,DEL,CCU-DEL,2026-04-18 15:25:41.701,2026-04-18 20:04:41.701,279.0,False,VALID,VALID,0.0,0,3803ac7fb64c7eeb,18-34,F
B1675,P1068,6F111,2025-08-01 11:37:36.952,CANCELLED,False,IndiGo,HYD,DEL,HYD-DEL,2026-04-18 17:09:41.702,2026-04-18 20:02:41.702,173.0,False,VALID,VALID,0.0,0,2160872f2e614a13,35-54,M
B1676,P1610,AI197,2026-04-14 11:37:36.952,PENDING,False,Air India,BOM,CCU,BOM-CCU,2026-04-18 16:25:41.703,2026-04-18 20:00:41.703,215.0,False,VALID,VALID,5956.07,2,a95e4735d40f1b58,0-17,M
B1677,P1346,UK127,2026-01-31 11:37:36.952,PENDING,False,Vistara,BOM,HYD,BOM-HYD,2026-04-18 15:56:41.702,2026-04-18 20:00:41.702,244.0,False,VALID,VALID,11038.33,3,ccf9bd5ff5d83a19,35-54,M
B1678,P1961,6F240,2025-12-31 11:37:36.952,PENDING,False,IndiGo,DEL,HYD,DEL-HYD,2026-04-18 15:31:41.704,2026-04-18 19:56:41.704,265.0,False,VALID,VALID,4477.67,2,1a2d875e42cbcde5,35-54,M
B1679,P1727,6F257,2025-08-17 11:37:36.952,CANCELLED,False,UNKNOWN,MAA,CCU,MAA-CCU,2026-04-18 16:04:41.704,2026-04-18 19:55:41.704,231.0,False,VALID,VALID,0.0,0,8327c2ee1689aa6d,18-34,M
B1679,P1727,6F257,2025-08-17 11:37:36.952,CANCELLED,False,UNKNOWN,MAA,CCU,MAA-CCU,2026-04-18 16:04:41.704,2026-04-18 19:55:41.704,231.0,False,VALID,VALID,0.0,0,8327c2ee1689aa6d,18-34,M
B1680,P1926,AI253,2026-03-19 11:37:36.952,UNKNOWN,False,Air India,BLR,BOM,BLR-BOM,2026-04-18 16:13:41.704,2026-04-18 19:51:41.704,218.0,False,VALID,VALID,0.0,0,5462e26b2c4f6949,55+,M
B1681,P1672,SJ135,2026-04-02 11:37:36.952,CANCELLED,False,SpiceJet,MAA,CCU,MAA-CCU,2026-04-18 16:03:41.702,2026-04-18 19:48:41.702,225.0,False,VALID,VALID,0.0,0,fd4ebc9dc6ac0128,0-17,M
B1682,P1422,UK112,2025-07-10 11:37:36.952,CANCELLED,False,UNKNOWN,CCU,DEL,CCU-DEL,2026-04-18 17:05:41.702,2026-04-18 19:47:41.702,162.0,False,VALID,VALID,0.0,0,d79a34f57b1a7071,55+,M
B1683,P1605,AI050,2025-08-07 11:37:36.952,CONFIRMED,True,Air India,BLR,BOM,BLR-BOM,2026-04-18 17:07:41.701,2026-04-18 19:42:41.701,155.0,False,VALID,VALID,10552.43,3,e2aecd9570718a88,55+,M
B1684,P1173,UK060,2025-11-18 11:37:36.952,PENDING,False,Vistara,BLR,CCU,BLR-CCU,2026-04-18 16:09:41.701,2026-04-18 19:42:41.701,213.0,False,VALID,VALID,12248.4,3,d74aca86f92c65ca,18-34,F
B1685,P1676,SJ183,2025-05-15 11:37:36.952,CANCELLED,False,SpiceJet,CCU,DEL,CCU-DEL,2026-04-18 17:44:41.703,2026-04-18 19:40:41.703,116.0,False,VALID,VALID,0.0,0,e851077501cff6e3,55+,F
B1686,P1114,UK138,2025-11-17 11:37:36.952,CONFIRMED,True,Vistara,DEL,BLR,DEL-BLR,2026-04-18 16:47:41.703,2026-04-18 19:36:41.703,169.0,False,VALID,VALID,19543.19,3,c7ccf6a417208a4d,18-34,F
B1687,P1219,SJ071,2025-10-12 11:37:36.952,PENDING,False,SpiceJet,CCU,MAA,CCU-MAA,2026-04-18 17:43:41.701,2026-04-18 19:32:41.701,109.0,False,VALID,VALID,14898.85,2,f578969533b3f6b3,18-34,M
B1688,P1955,AI057,2025-06-14 11:37:36.952,PENDING,False,Air India,BOM,CCU,BOM-CCU,2026-04-18 15:53:41.701,2026-04-18 19:22:41.701,209.0,False,VALID,VALID,9259.9,3,1790ea86025b84f7,0-17,F
B1689,P1030,SJ151,2025-07-10 11:37:36.952,CANCELLED,False,SpiceJet,BOM,CCU,BOM-CCU,2026-04-18 17:44:41.702,2026-04-18 19:16:41.702,92.0,False,VALID,VALID,0.0,0,48d0441e3c09dcd5,55+,F
B1690,P1522,SJ144,2025-06-28 11:37:36.952,PENDING,False,SpiceJet,BLR,BOM,BLR-BOM,2026-04-18 15:35:41.702,2026-04-18 19:12:41.702,217.0,False,VALID,VALID,8172.14,1,bb9132d26cbca0e0,18-34,F
B1691,P1342,SJ087,2026-01-23 11:37:36.952,PENDING,False,SpiceJet,BOM,DEL,BOM-DEL,2026-04-18 14:20:41.702,2026-04-18 19:09:41.702,289.0,False,VALID,VALID,10157.54,2,2931a606a61afdcb,55+,M
B1692,P1376,SJ066,2026-04-02 11:37:36.952,CONFIRMED,True,SpiceJet,HYD,CCU,HYD-CCU,2026-04-18 17:47:41.701,2026-04-18 19:03:41.701,76.0,False,VALID,VALID,22999.43,1,b86c4bf1fa01ec51,0-17,F
B1693,P1129,AI247,2026-01-02 11:37:36.952,CONFIRMED,True,Air India,BOM,CCU,BOM-CCU,2026-04-18 15:58:41.704,2026-04-18 19:02:41.704,184.0,False,VALID,VALID,14649.93,1,0211dba0308362d0,55+,F
B1694,P1999,SJ102,2026-04-01 11:37:36.952,PENDING,False,SpiceJet,MAA,CCU,MAA-CCU,2026-04-18 17:26:41.702,2026-04-18 18:58:41.702,92.0,False,VALID,VALID,19330.99,3,dc8011c04d95da85,0-17,F
B1694,P1999,SJ102,2026-04-01 11:37:36.952,PENDING,False,SpiceJet,MAA,CCU,MAA-CCU,2026-04-18 17:26:41.702,2026-04-18 18:58:41.702,92.0,False,VALID,VALID,19330.99,3,dc8011c04d95da85,0-17,F
B1695,P1616,6F252,2026-04-13 11:37:36.952,CONFIRMED,True,UNKNOWN,MAA,BLR,MAA-BLR,2026-04-18 14:25:41.701,2026-04-18 18:52:41.701,267.0,False,VALID,VALID,15996.39,3,c3b5a3d13ab79aa3,55+,M
B1696,P1538,6F055,2025-11-28 11:37:36.952,PENDING,False,IndiGo,DEL,CCU,DEL-CCU,2026-04-18 16:21:41.701,2026-04-18 18:49:41.701,148.0,False,VALID,VALID,17375.66,1,e118c8da2cb41a25,0-17,F
B1697,P1738,AI204,2025-11-12 11:37:36.952,CANCELLED,False,Air India,CCU,MAA,CCU-MAA,2026-04-18 13:40:41.703,2026-04-18 18:38:41.703,298.0,False,VALID,VALID,0.0,0,40c119ce6fc328a5,0-17,M
B1698,P1001,AI016,2026-02-02 11:37:36.952,CONFIRMED,True,Air India,BOM,CCU,BOM-CCU,2026-04-18 14:15:41.701,2026-04-18 18:38:41.701,263.0,False,VALID,VALID,8310.19,1,61d0f276b7160f04,0-17,M
B1699,P1870,AI209,2025-12-11 11:37:36.952,PENDING,False,Air India,BLR,CCU,BLR-CCU,2026-04-18 17:25:41.703,2026-04-18 18:37:41.703,72.0,False,VALID,VALID,10094.83,1,9e9cdc2bf4b91e70,55+,F
B1700,P1100,SJ211,2026-01-04 11:37:36.952,PENDING,False,SpiceJet,MAA,BOM,MAA-BOM,2026-04-18 16:22:41.703,2026-04-18 18:34:41.703,132.0,False,VALID,VALID,6419.71,3,89fef259b03bd24a,0-17,M
B1701,P1532,6F103,2025-10-16 11:37:36.952,CONFIRMED,True,IndiGo,CCU,MAA,CCU-MAA,2026-04-18 15:37:41.702,2026-04-18 18:32:41.702,175.0,False,VALID,VALID,22234.92,1,8a3b05f6e9fd8490,18-34,M
B1702,P1057,UK182,2025-04-22 11:37:36.952,CONFIRMED,True,Vistara,HYD,CCU,HYD-CCU,2026-04-18 14:19:41.703,2026-04-18 18:25:41.703,246.0,False,VALID,VALID,9231.43,3,c24146553498b111,35-54,M
B1703,P1388,6F264,2025-12-25 11:37:36.952,CANCELLED,False,Unknown,DEL,HYD,DEL-HYD,2026-04-18 14:03:41.701,2026-04-18 18:23:41.701,260.0,False,VALID,VALID,0.0,0,37b790ac45eacb4d,55+,M
B1704,P1691,6F027,2025-07-23 11:37:36.952,PENDING,False,IndiGo,BLR,DEL,BLR-DEL,2026-04-18 16:52:41.701,2026-04-18 18:21:41.701,89.0,False,VALID,VALID,20423.44,1,63fe68f9c14d380c,18-34,M
B1705,P1940,UK198,2026-01-31 11:37:36.952,CANCELLED,False,Vistara,DEL,BLR,DEL-BLR,2026-04-18 16:43:41.703,2026-04-18 18:18:41.703,95.0,False,VALID,VALID,0.0,0,5f9fc9f7518e6c90,35-54,F
B1706,P1340,6F171,2025-09-07 11:37:36.952,CANCELLED,False,IndiGo,DEL,BLR,DEL-BLR,2026-04-18 17:03:41.703,2026-04-18 18:12:41.703,69.0,False,VALID,VALID,0.0,0,7e41938799d4afd4,35-54,M
B1707,P1860,AI004,2025-07-05 11:37:36.952,CANCELLED,False,Air India,HYD,MAA,HYD-MAA,2026-04-18 13:58:41.701,2026-04-18 18:12:41.701,254.0,False,VALID,VALID,0.0,0,19298fd58334c257,35-54,M
B1708,P1019,6F157,2025-11-22 11:37:36.952,CONFIRMED,True,IndiGo,MAA,CCU,MAA-CCU,2026-04-18 16:37:41.703,2026-04-18 18:04:41.703,87.0,False,VALID,VALID,24883.44,2,ad18c2be469e3664,55+,M
B1709,P1254,AI018,2025-10-03 11:37:36.952,CANCELLED,False,Air India,BOM,CCU,BOM-CCU,2026-04-18 13:12:41.701,2026-04-18 18:04:41.701,292.0,False,VALID,VALID,0.0,0,54880709cf829c2d,0-17,F
B1710,P1316,UK098,2025-08-05 11:37:36.952,CONFIRMED,True,Vistara,CCU,DEL,CCU-DEL,2026-04-18 13:38:41.702,2026-04-18 17:54:41.702,256.0,False,VALID,VALID,20922.05,2,1244258127ff3e4e,35-54,F
B1711,P1037,6F167,2026-01-29 11:37:36.952,UNKNOWN,False,IndiGo,BLR,BOM,BLR-BOM,2026-04-18 16:26:41.703,2026-04-18 17:50:41.703,84.0,False,VALID,VALID,0.0,0,04c31ead0dacb627,35-54,M
B1712,P1659,AI228,2025-09-06 11:37:36.952,CANCELLED,False,Air India,BLR,BOM,BLR-BOM,2026-04-18 13:16:41.703,2026-04-18 17:44:41.703,268.0,False,VALID,VALID,0.0,0,9d45c506c68e3dca,55+,F
B1713,P1536,SJ242,2025-08-31 11:37:36.952,CANCELLED,False,SpiceJet,BLR,HYD,BLR-HYD,2026-04-18 14:55:41.704,2026-04-18 17:42:41.704,167.0,False,VALID,VALID,0.0,0,fef3551179d3071c,18-34,F
B1714,P1385,6F227,2025-12-11 11:37:36.952,PENDING,False,IndiGo,MAA,BOM,MAA-BOM,2026-04-18 13:16:41.704,2026-04-18 17:41:41.704,265.0,False,VALID,VALID,15367.76,2,b10cca87bf39c243,55+,F
B1715,P1632,6F037,2025-08-27 11:37:36.952,CANCELLED,False,IndiGo,BOM,MAA,BOM-MAA,2026-04-18 14:51:41.701,2026-04-18 17:23:41.701,152.0,False,VALID,VALID,0.0,0,95ed3a25932715f1,18-34,M
B1716,P1927,6F107,2025-12-22 11:37:36.952,PENDING,False,IndiGo,CCU,BLR,CCU-BLR,2026-04-18 14:14:41.702,2026-04-18 17:14:42.000,180.0,False,VALID,VALID,17364.29,1,88f7f4237aee1892,18-34,F
B1717,P1025,SJ125,2025-11-06 11:37:36.952,CANCELLED,False,SpiceJet,DEL,BLR,DEL-BLR,2026-04-18 14:21:41.702,2026-04-18 16:55:41.702,154.0,False,VALID,VALID,0.0,0,06cf5fba4db048c6,18-34,M
B1718,P1453,UK117,2025-06-17 11:37:36.952,CANCELLED,False,Vistara,BLR,BOM,BLR-BOM,2026-04-18 13:17:41.702,2026-04-18 16:54:41.702,217.0,False,VALID,VALID,0.0,0,fbfdae7167ca504f,18-34,M
B1719,P1680,6F192,2025-11-12 11:37:36.952,CANCELLED,False,IndiGo,CCU,BLR,CCU-BLR,2026-04-18 12:20:41.703,2026-04-18 16:45:41.703,265.0,False,VALID,VALID,0.0,0,30e4512135119c35,55+,M
B1720,P1322,AI201,2025-11-27 11:37:36.952,CANCELLED,False,Air India,BLR,CCU,BLR-CCU,2026-04-18 15:19:41.703,2026-04-18 16:40:41.703,81.0,False,VALID,VALID,0.0,0,fff87090542f8b51,0-17,M
B1721,P1736,SJ126,2026-03-25 11:37:36.952,PENDING,False,SpiceJet,DEL,BLR,DEL-BLR,2026-04-18 13:47:41.702,2026-04-18 16:31:41.702,164.0,False,VALID,VALID,24115.04,1,e9dfb2b48762cfce,55+,F
B1722,P1512,AI177,2026-02-10 11:37:36.952,PENDING,False,Air India,CCU,HYD,CCU-HYD,2026-04-18 14:11:41.703,2026-04-18 16:26:41.703,135.0,False,VALID,VALID,5266.06,2,5283b565c90cc536,35-54,M
B1723,P1818,AI092,2025-12-23 11:37:36.952,CANCELLED,False,Air India,CCU,BOM,CCU-BOM,2026-04-18 13:36:41.702,2026-04-18 16:20:41.702,164.0,False,VALID,VALID,0.0,0,60a3b7a0fd4cf4e8,55+,M
B1724,P1772,6F076,2025-10-10 11:37:36.952,CANCELLED,False,IndiGo,CCU,HYD,CCU-HYD,2026-04-18 15:35:41.702,2026-04-18 16:20:41.702,45.0,False,VALID,VALID,0.0,0,c69e01f1f8c5b49b,0-17,M
B1725,P1012,AI185,2025-04-29 11:37:36.952,PENDING,False,Air India,CCU,BOM,CCU-BOM,2026-04-18 12:16:41.703,2026-04-18 16:18:41.703,242.0,False,VALID,VALID,4441.67,2,b452f773ffff3926,18-34,M
B1726,P1914,AI055,2025-05-14 11:37:36.952,CONFIRMED,True,Air India,CCU,BOM,CCU-BOM,2026-04-18 14:39:41.701,2026-04-18 16:18:41.701,99.0,False,VALID,VALID,13012.59,3,d1000269373ad872,55+,M
B1727,P1907,6F222,2026-03-15 11:37:36.952,CONFIRMED,True,IndiGo,HYD,MAA,HYD-MAA,2026-04-18 14:01:41.704,2026-04-18 16:11:41.704,130.0,False,VALID,VALID,14353.93,1,695819effb2e647c,0-17,F
B1728,P1559,AI090,2025-12-12 11:37:36.952,CONFIRMED,True,Air India,MAA,CCU,MAA-CCU,2026-04-18 13:37:41.702,2026-04-18 16:11:41.702,154.0,False,VALID,VALID,9876.54,2,d391d51a20b5d100,0-17,F
B1729,P1920,AI183,2025-06-03 11:37:36.952,PENDING,False,Air India,DEL,CCU,DEL-CCU,2026-04-18 14:24:41.703,2026-04-18 16:06:41.703,102.0,False,VALID,VALID,4121.13,1,b80f0792f54b48b7,35-54,F
B1730,P1824,AI041,2025-04-29 11:37:36.952,PENDING,False,Air India,BOM,BLR,BOM-BLR,2026-04-18 14:08:41.701,2026-04-18 15:59:41.701,111.0,False,VALID,VALID,5455.21,2,9d2990bf14adf289,35-54,M
B1731,P1370,6F210,2025-07-12 11:37:36.952,CONFIRMED,True,IndiGo,HYD,DEL,HYD-DEL,2026-04-18 11:51:41.703,2026-04-18 15:58:41.703,247.0,False,VALID,VALID,11459.1,1,42b87e547dae3cf7,55+,F
B1732,P1290,AI170,2026-01-15 11:37:36.952,CONFIRMED,True,Air India,HYD,DEL,HYD-DEL,2026-04-18 11:27:41.703,2026-04-18 15:50:41.703,263.0,False,VALID,VALID,4331.63,2,08198b0acd2a75c2,18-34,M
B1733,P1331,SJ008,2026-04-16 11:37:36.952,CANCELLED,False,SpiceJet,HYD,BLR,HYD-BLR,2026-04-18 10:53:41.701,2026-04-18 15:48:41.701,295.0,False,VALID,VALID,0.0,0,acaa798e8ab832a8,55+,F
B1733,P1331,SJ008,2026-04-16 11:37:36.952,CANCELLED,False,SpiceJet,HYD,BLR,HYD-BLR,2026-04-18 10:53:41.701,2026-04-18 15:48:41.701,295.0,False,VALID,VALID,0.0,0,acaa798e8ab832a8,55+,F
B1734,P1605,AI049,2025-09-29 11:37:36.952,PENDING,False,Air India,CCU,MAA,CCU-MAA,2026-04-18 13:35:41.701,2026-04-18 15:48:41.701,133.0,False,VALID,VALID,7554.45,1,e2aecd9570718a88,55+,M
B1735,P1260,SJ132,2025-05-12 11:37:36.952,PENDING,False,SpiceJet,MAA,DEL,MAA-DEL,2026-04-18 14:44:41.702,2026-04-18 15:36:41.702,52.0,False,VALID,VALID,9645.57,1,bc76842e61ebedca,18-34,M
B1736,P1993,SJ224,2026-01-26 11:37:36.952,CONFIRMED,True,SpiceJet,DEL,MAA,DEL-MAA,2026-04-18 12:41:41.703,2026-04-18 15:33:41.703,172.0,False,VALID,VALID,11670.77,2,e7c39412523d8efa,35-54,M
B1737,P1789,UK038,2025-06-11 11:37:36.952,CONFIRMED,True,Vistara,MAA,CCU,MAA-CCU,2026-04-18 12:22:41.701,2026-04-18 15:31:41.701,189.0,False,VALID,VALID,12165.41,3,61c7785b723e9eea,0-17,M
B1738,P1870,SJ220,2025-08-14 11:37:36.952,PENDING,False,SpiceJet,BOM,CCU,BOM-CCU,2026-04-18 13:45:41.703,2026-04-18 15:21:41.703,96.0,False,VALID,VALID,3036.54,1,9e9cdc2bf4b91e70,55+,F
B1739,P1204,6F124,2025-06-29 11:37:36.952,CANCELLED,False,IndiGo,BLR,BOM,BLR-BOM,2026-04-18 10:47:41.702,2026-04-18 15:21:41.702,274.0,False,VALID,VALID,0.0,0,e958f2dc756a3c1c,55+,M
B1740,P1696,SJ164,2025-11-16 11:37:36.952,CONFIRMED,True,SpiceJet,CCU,MAA,CCU-MAA,2026-04-18 13:14:41.703,2026-04-18 15:14:42.000,120.0,False,VALID,VALID,21980.82,1,afd81ec419f86cb4,18-34,M
B1741,P1686,AI026,2025-05-18 11:37:36.952,PENDING,False,Air India,DEL,BOM,DEL-BOM,2026-04-18 14:14:41.701,2026-04-18 15:13:41.701,59.0,False,VALID,VALID,3027.13,3,2244667f8f0e743a,55+,M
B1742,P1949,6F144,2025-09-14 11:37:36.952,PENDING,False,IndiGo,HYD,BOM,HYD-BOM,2026-04-18 11:56:41.702,2026-04-18 15:11:41.702,195.0,False,VALID,VALID,14179.68,2,2300988a2e179648,0-17,M
B1743,P1386,6F137,2025-11-21 11:37:36.952,UNKNOWN,False,IndiGo,CCU,DEL,CCU-DEL,2026-04-18 10:45:41.702,2026-04-18 15:01:41.702,256.0,False,VALID,VALID,0.0,0,5aadc6c083027b2b,55+,F
B1744,P1891,UK139,2025-09-05 11:37:36.952,CANCELLED,False,Unknown,BLR,MAA,BLR-MAA,2026-04-18 10:54:41.703,2026-04-18 14:31:41.703,217.0,False,VALID,VALID,0.0,0,370a5d9b1e3c152a,0-17,F
B1745,P1820,UK139,2025-05-20 11:37:36.952,CONFIRMED,True,Unknown,BLR,MAA,BLR-MAA,2026-04-18 10:54:41.703,2026-04-18 14:31:41.703,217.0,False,VALID,VALID,12489.19,1,b9c3c485ab3ab0dc,35-54,F
B1746,P1467,SJ140,2025-08-31 11:37:36.952,CONFIRMED,True,UNKNOWN,HYD,DEL,HYD-DEL,2026-04-18 10:42:41.702,2026-04-18 14:30:41.702,228.0,False,VALID,VALID,20172.79,2,3335200f8c13730c,0-17,M
B1747,P1414,6F131,2025-04-20 11:37:36.952,CONFIRMED,True,IndiGo,BLR,HYD,BLR-HYD,2026-04-18 10:22:41.702,2026-04-18 14:20:41.702,238.0,False,VALID,VALID,21506.48,2,e0c4ae7c95c83413,18-34,M
B1748,P1068,UK128,2025-11-15 11:37:36.952,PENDING,False,Vistara,BOM,CCU,BOM-CCU,2026-04-18 11:22:41.702,2026-04-18 14:11:41.702,169.0,False,VALID,VALID,8727.67,3,2160872f2e614a13,35-54,M
B1749,P1471,SJ219,2026-02-19 11:37:36.952,CONFIRMED,True,SpiceJet,BOM,DEL,BOM-DEL,2026-04-18 09:32:41.703,2026-04-18 14:09:41.703,277.0,False,VALID,VALID,10094.79,3,6613c11bef2f73d9,0-17,F
B1750,P1103,SJ159,2025-09-21 11:37:36.952,PENDING,False,SpiceJet,CCU,DEL,CCU-DEL,2026-04-18 12:22:41.703,2026-04-18 14:05:41.703,103.0,False,VALID,VALID,8334.62,3,24fc7c6096a40eed,0-17,M
B1751,P1757,UK192,2025-09-19 11:37:36.952,CONFIRMED,True,Vistara,HYD,DEL,HYD-DEL,2026-04-18 12:54:41.703,2026-04-18 13:54:42.000,60.0,False,VALID,VALID,13556.99,2,7367c04f52253973,55+,M
B1752,P1160,AI014,2025-08-13 11:37:36.952,CANCELLED,False,Air India,HYD,MAA,HYD-MAA,2026-04-18 10:24:41.701,2026-04-18 13:51:41.701,207.0,False,VALID,VALID,0.0,0,da273dc1a032c585,55+,F
B1753,P1199,SJ152,2025-08-08 11:37:36.952,CANCELLED,False,SpiceJet,BOM,DEL,BOM-DEL,2026-04-18 12:09:41.702,2026-04-18 13:50:41.702,101.0,False,VALID,VALID,0.0,0,2af52ca08bb9fbb8,55+,F
B1754,P1215,SJ060,2026-02-11 11:37:36.952,PENDING,False,SpiceJet,HYD,CCU,HYD-CCU,2026-04-18 08:51:41.701,2026-04-18 13:46:41.701,295.0,False,VALID,VALID,10276.19,1,e60442d25bc5f693,55+,M
B1755,P1945,AI127,2026-02-17 11:37:36.952,CANCELLED,False,Air India,DEL,HYD,DEL-HYD,2026-04-18 10:37:41.702,2026-04-18 13:45:41.702,188.0,False,VALID,VALID,0.0,0,214570e8e57cbbed,35-54,M
B1756,P1211,SJ096,2026-01-27 11:37:36.952,PENDING,False,UNKNOWN,DEL,HYD,DEL-HYD,2026-04-18 10:29:41.702,2026-04-18 13:45:41.702,196.0,False,VALID,VALID,4068.52,2,df5b29f2ff7bba86,55+,F
B1757,P1507,AI215,2025-04-24 11:37:36.952,PENDING,False,Air India,BLR,DEL,BLR-DEL,2026-04-18 12:07:41.703,2026-04-18 13:43:41.703,96.0,False,VALID,VALID,13136.93,1,ead35841a79fee27,35-54,F
B1758,P1015,UK009,2026-02-28 11:37:36.952,CANCELLED,False,Vistara,BOM,DEL,BOM-DEL,2026-04-18 11:34:41.701,2026-04-18 13:41:41.701,127.0,False,VALID,VALID,0.0,0,79bfd5dc59b585de,55+,F
B1759,P1497,AI171,2025-10-26 11:37:36.952,PENDING,False,Air India,MAA,BLR,MAA-BLR,2026-04-18 10:51:41.703,2026-04-18 13:34:41.703,163.0,False,VALID,VALID,6309.99,2,070c4bb71150965a,55+,M
B1760,P1883,UK151,2026-01-14 11:37:36.952,CANCELLED,False,Unknown,BOM,CCU,BOM-CCU,2026-04-18 10:11:41.703,2026-04-18 13:30:41.703,199.0,False,VALID,VALID,0.0,0,d7883315352f12fa,55+,M
B1761,P1331,AI099,2025-05-22 11:37:36.952,CONFIRMED,True,Air India,BLR,BOM,BLR-BOM,2026-04-18 11:07:41.702,2026-04-18 13:29:41.702,142.0,False,VALID,VALID,6040.52,3,acaa798e8ab832a8,55+,F
B1761,P1331,AI099,2025-05-22 11:37:36.952,CONFIRMED,True,Air India,BLR,BOM,BLR-BOM,2026-04-18 11:07:41.702,2026-04-18 13:29:41.702,142.0,False,VALID,VALID,6040.52,3,acaa798e8ab832a8,55+,F
B1762,P1716,UK050,2025-06-04 11:37:36.952,CONFIRMED,True,Vistara,BOM,DEL,BOM-DEL,2026-04-18 12:39:41.701,2026-04-18 13:18:41.701,39.0,False,VALID,VALID,23214.11,2,499e7285cc098ec7,55+,F
B1763,P1876,UK092,2025-10-06 11:37:36.952,CANCELLED,False,Vistara,MAA,BLR,MAA-BLR,2026-04-18 11:42:41.702,2026-04-18 13:17:41.702,95.0,False,VALID,VALID,0.0,0,03175f6d9373fae9,35-54,M
B1764,P1550,SJ058,2025-06-20 11:37:36.952,CANCELLED,False,SpiceJet,DEL,HYD,DEL-HYD,2026-04-18 08:58:41.701,2026-04-18 13:14:41.701,256.0,False,VALID,VALID,0.0,0,5b46c230b44c531a,35-54,F
B1765,P1600,SJ090,2025-12-21 11:37:36.952,CANCELLED,False,SpiceJet,HYD,MAA,HYD-MAA,2026-04-18 10:24:41.702,2026-04-18 13:11:41.702,167.0,False,VALID,VALID,0.0,0,653cdfb1325933b2,18-34,F
B1766,P1941,6F173,2025-09-07 11:37:36.952,CANCELLED,False,IndiGo,BOM,CCU,BOM-CCU,2026-04-18 12:19:41.703,2026-04-18 13:08:41.703,49.0,False,VALID,VALID,0.0,0,11e337e7f9c993d8,0-17,M
B1767,P1255,AI186,2025-11-19 11:37:36.952,CONFIRMED,True,Air India,DEL,BOM,DEL-BOM,2026-04-18 11:11:41.703,2026-04-18 13:05:41.703,114.0,False,VALID,VALID,16643.28,3,3e07b24d68cceb8f,0-17,M
B1768,P1991,AI130,2026-03-23 11:37:36.952,PENDING,False,Air India,BOM,BLR,BOM-BLR,2026-04-18 10:18:41.702,2026-04-18 12:59:41.702,161.0,False,VALID,VALID,8316.06,2,09d9f20b170cb65e,0-17,F
B1768,P1991,AI130,2026-03-23 11:37:36.952,PENDING,False,Air India,BOM,BLR,BOM-BLR,2026-04-18 10:18:41.702,2026-04-18 12:59:41.702,161.0,False,VALID,VALID,8316.06,2,09d9f20b170cb65e,0-17,F
B1769,P1765,SJ111,2025-11-23 11:37:36.952,UNKNOWN,False,SpiceJet,DEL,MAA,DEL-MAA,2026-04-18 11:47:41.702,2026-04-18 12:59:41.702,72.0,False,VALID,VALID,0.0,0,bc683045521964cc,0-17,F
B1770,P1727,6F203,2025-08-04 11:37:36.952,CONFIRMED,True,IndiGo,BLR,HYD,BLR-HYD,2026-04-18 11:05:41.703,2026-04-18 12:56:41.703,111.0,False,VALID,VALID,15984.3,2,8327c2ee1689aa6d,18-34,M
B1770,P1727,6F203,2025-08-04 11:37:36.952,CONFIRMED,True,IndiGo,BLR,HYD,BLR-HYD,2026-04-18 11:05:41.703,2026-04-18 12:56:41.703,111.0,False,VALID,VALID,15984.3,2,8327c2ee1689aa6d,18-34,M
B1771,P1879,6F138,2025-05-24 11:37:36.952,PENDING,False,IndiGo,HYD,BLR,HYD-BLR,2026-04-18 09:49:41.702,2026-04-18 12:53:41.702,184.0,False,VALID,VALID,21687.58,3,07b5816b6b729469,18-34,F
B1772,P1814,6F109,2025-08-29 11:37:36.952,UNKNOWN,False,IndiGo,BLR,BOM,BLR-BOM,2026-04-18 12:00:41.702,2026-04-18 12:51:41.702,51.0,False,VALID,VALID,0.0,0,8827f01ea81cde4c,35-54,F
B1773,P1171,AI074,2026-01-01 11:37:36.952,PENDING,False,Air India,CCU,BOM,CCU-BOM,2026-04-18 12:03:41.702,2026-04-18 12:50:41.702,47.0,False,VALID,VALID,21774.13,1,11e7405e976ffe2f,55+,M
B1774,P1648,UK161,2026-01-07 11:37:36.952,CANCELLED,False,Vistara,BLR,BOM,BLR-BOM,2026-04-18 10:05:41.703,2026-04-18 12:48:41.703,163.0,False,VALID,VALID,0.0,0,29b50a0cf1005354,0-17,M
B1775,P1999,AI008,2025-06-19 11:37:36.952,CANCELLED,False,Air India,BOM,CCU,BOM-CCU,2026-04-18 10:43:41.701,2026-04-18 12:43:42.000,120.0,False,VALID,VALID,0.0,0,dc8011c04d95da85,0-17,F
B1775,P1999,AI008,2025-06-19 11:37:36.952,CANCELLED,False,Air India,BOM,CCU,BOM-CCU,2026-04-18 10:43:41.701,2026-04-18 12:43:42.000,120.0,False,VALID,VALID,0.0,0,dc8011c04d95da85,0-17,F
B1776,P1497,UK121,2025-12-27 11:37:36.952,CANCELLED,False,Vistara,BLR,BOM,BLR-BOM,2026-04-18 08:36:41.702,2026-04-18 12:36:41.702,240.0,False,VALID,VALID,0.0,0,070c4bb71150965a,55+,M
B1777,P1470,6F154,2025-04-26 11:37:36.952,CONFIRMED,True,IndiGo,CCU,DEL,CCU-DEL,2026-04-18 11:26:41.703,2026-04-18 12:23:41.703,57.0,False,VALID,VALID,21820.81,3,9985af7cd23dbc3b,18-34,M
B1778,P1383,6F161,2025-08-01 11:37:36.952,CONFIRMED,True,IndiGo,MAA,DEL,MAA-DEL,2026-04-18 11:24:41.703,2026-04-18 12:21:41.703,57.0,False,VALID,VALID,8593.8,3,b56dbde0e0be2b56,18-34,M
B1779,P1689,6F153,2026-02-01 11:37:36.952,PENDING,False,IndiGo,CCU,BLR,CCU-BLR,2026-04-18 08:23:41.703,2026-04-18 12:20:41.703,237.0,False,VALID,VALID,23213.46,1,d75a676921b0b5ba,0-17,F
B1780,P1588,6F225,2026-02-10 11:37:36.952,PENDING,False,IndiGo,HYD,CCU,HYD-CCU,2026-04-18 07:33:41.704,2026-04-18 12:12:41.704,279.0,False,VALID,VALID,12998.06,1,d1a1bf1d8dd5ff9e,55+,M
B1781,P1699,AI191,2026-02-09 11:37:36.952,PENDING,False,Air India,BLR,MAA,BLR-MAA,2026-04-18 07:57:41.703,2026-04-18 11:58:41.703,241.0,False,VALID,VALID,16275.34,1,4247c8365843695e,18-34,M
B1782,P1506,AI218,2025-08-18 11:37:36.952,CONFIRMED,True,Air India,BOM,CCU,BOM-CCU,2026-04-18 08:55:41.703,2026-04-18 11:55:41.703,180.0,False,VALID,VALID,24662.29,1,64f53d7e7225fc3d,18-34,F
B1783,P1991,6F267,2025-09-28 11:37:36.952,PENDING,False,UNKNOWN,DEL,MAA,DEL-MAA,2026-04-18 07:56:41.703,2026-04-18 11:49:41.703,233.0,False,VALID,VALID,10953.79,3,09d9f20b170cb65e,0-17,F
B1783,P1991,6F267,2025-09-28 11:37:36.952,PENDING,False,UNKNOWN,DEL,MAA,DEL-MAA,2026-04-18 07:56:41.703,2026-04-18 11:49:41.703,233.0,False,VALID,VALID,10953.79,3,09d9f20b170cb65e,0-17,F
B1784,P1526,UK125,2025-08-20 11:37:36.952,CANCELLED,False,Vistara,HYD,BOM,HYD-BOM,2026-04-18 06:58:41.702,2026-04-18 11:44:41.702,286.0,False,VALID,VALID,0.0,0,704f2f60253518ef,55+,M
B1785,P1803,6F208,2025-08-19 11:37:36.952,PENDING,False,IndiGo,CCU,BOM,CCU-BOM,2026-04-18 08:27:41.703,2026-04-18 11:34:41.703,187.0,False,VALID,VALID,10004.78,1,604c9afd067fac61,55+,F
B1786,P1830,6F119,2026-02-12 11:37:36.952,CANCELLED,False,IndiGo,DEL,BOM,DEL-BOM,2026-04-18 09:19:41.702,2026-04-18 11:33:41.702,134.0,False,VALID,VALID,0.0,0,5601c71b94b41720,0-17,M
B1787,P1324,AI063,2025-07-11 11:37:36.952,CONFIRMED,True,Air India,HYD,BLR,HYD-BLR,2026-04-18 07:03:41.701,2026-04-18 11:26:41.701,263.0,False,VALID,VALID,16216.15,2,ea2b1af5291e12c0,18-34,F
B1788,P1213,UK016,2025-06-05 11:37:36.952,CANCELLED,False,Vistara,DEL,CCU,DEL-CCU,2026-04-18 10:42:41.701,2026-04-18 11:22:41.701,40.0,False,VALID,VALID,0.0,0,479494608e848a1d,55+,F
B1789,P1207,6F048,2026-01-13 11:37:36.952,CANCELLED,False,IndiGo,HYD,DEL,HYD-DEL,2026-04-18 10:27:41.701,2026-04-18 11:18:41.701,51.0,False,VALID,VALID,0.0,0,1beed7d23e2d1c49,0-17,F
B1790,P1168,6F266,2025-04-23 11:37:36.952,CANCELLED,False,UNKNOWN,CCU,MAA,CCU-MAA,2026-04-18 09:49:41.703,2026-04-18 11:17:41.703,88.0,False,VALID,VALID,0.0,0,593fee80959859d7,55+,F
B1791,P1329,AI167,2026-02-24 11:37:36.952,CONFIRMED,True,Air India,BLR,DEL,BLR-DEL,2026-04-18 06:43:41.703,2026-04-18 11:10:41.703,267.0,False,VALID,VALID,4718.38,2,b4fdf273d54b2ade,35-54,F
B1792,P1279,6F165,2026-01-17 11:37:36.952,CONFIRMED,True,IndiGo,BLR,BOM,BLR-BOM,2026-04-18 10:11:41.703,2026-04-18 11:09:41.703,58.0,False,VALID,VALID,3656.36,3,856bbb0eb3f62ba5,55+,M
B1793,P1977,SJ104,2025-11-25 11:37:36.952,CONFIRMED,True,SpiceJet,HYD,DEL,HYD-DEL,2026-04-18 10:00:41.702,2026-04-18 11:00:42.000,60.0,False,VALID,VALID,10622.53,2,9585a6fe9fdeb56c,55+,M
B1794,P1304,UK160,2025-06-26 11:37:36.952,CONFIRMED,True,Vistara,BLR,BOM,BLR-BOM,2026-04-18 06:42:41.703,2026-04-18 10:58:41.703,256.0,False,VALID,VALID,3418.75,3,048c0b96060f4d3b,35-54,F
B1795,P1145,UK160,2026-03-21 11:37:36.952,PENDING,False,Vistara,BLR,BOM,BLR-BOM,2026-04-18 06:42:41.703,2026-04-18 10:58:41.703,256.0,False,VALID,VALID,6640.73,2,9feaf3cbcf88f00a,0-17,F
B1796,P1774,SJ230,2025-11-28 11:37:36.952,CONFIRMED,True,SpiceJet,BOM,CCU,BOM-CCU,2026-04-18 06:22:41.704,2026-04-18 10:57:41.704,275.0,False,VALID,VALID,18954.03,3,592a57960e979681,55+,F
B1797,P1515,AI042,2025-06-03 11:37:36.952,CANCELLED,False,Air India,CCU,DEL,CCU-DEL,2026-04-18 09:53:41.701,2026-04-18 10:57:41.701,64.0,False,VALID,VALID,0.0,0,7d6e0117236bb59c,18-34,M
B1798,P1089,UK197,2025-05-16 11:37:36.952,CONFIRMED,True,Vistara,BLR,HYD,BLR-HYD,2026-04-18 09:22:41.703,2026-04-18 10:54:41.703,92.0,False,VALID,VALID,19248.77,1,9f2f59aa1afc6e3e,18-34,M
B1799,P1452,AI107,2026-02-05 11:37:36.952,PENDING,False,Air India,HYD,CCU,HYD-CCU,2026-04-18 10:03:41.702,2026-04-18 10:49:41.702,46.0,False,VALID,VALID,9977.37,3,a8d3a0706b90b361,18-34,F
B1800,P1059,SJ128,2025-08-22 11:37:36.952,PENDING,False,SpiceJet,CCU,BLR,CCU-BLR,2026-04-18 07:39:41.702,2026-04-18 10:42:41.702,183.0,False,VALID,VALID,22580.43,1,0669854a969bcd54,35-54,F
B1801,P1310,6F121,2026-04-14 11:37:36.952,PENDING,False,IndiGo,HYD,MAA,HYD-MAA,2026-04-18 05:44:41.702,2026-04-18 10:42:41.702,298.0,False,VALID,VALID,16064.27,1,f0260781fb2aba4e,18-34,F
B1802,P1527,AI111,2025-06-30 11:37:36.952,UNKNOWN,False,Air India,MAA,CCU,MAA-CCU,2026-04-18 07:40:41.702,2026-04-18 10:39:41.702,179.0,False,VALID,VALID,0.0,0,9238aed697b53737,55+,F
B1803,P1226,SJ137,2026-02-21 11:37:36.952,CONFIRMED,True,SpiceJet,CCU,DEL,CCU-DEL,2026-04-18 06:08:41.702,2026-04-18 10:14:41.702,246.0,False,VALID,VALID,6161.81,1,360aedd4c530685d,55+,F
B1804,P1473,AI232,2025-11-12 11:37:36.952,CONFIRMED,True,Air India,DEL,BLR,DEL-BLR,2026-04-18 06:43:41.704,2026-04-18 10:13:41.704,210.0,False,VALID,VALID,18248.1,2,677104faba0eb37c,35-54,M
B1805,P1977,SJ113,2025-10-26 11:37:36.952,CONFIRMED,True,SpiceJet,BLR,BOM,BLR-BOM,2026-04-18 08:10:41.702,2026-04-18 10:10:42.000,120.0,False,VALID,VALID,6804.77,1,9585a6fe9fdeb56c,55+,M
B1806,P1540,AI117,2025-08-02 11:37:36.952,CANCELLED,False,Air India,HYD,BLR,HYD-BLR,2026-04-18 08:18:41.702,2026-04-18 10:09:41.702,111.0,False,VALID,VALID,0.0,0,7f7a4a05ac7584dc,18-34,F
B1807,P1662,6F185,2025-06-28 11:37:36.952,CANCELLED,False,IndiGo,CCU,DEL,CCU-DEL,2026-04-18 07:49:41.703,2026-04-18 10:08:41.703,139.0,False,VALID,VALID,0.0,0,1da5ced675158aae,35-54,F
B1808,P1756,AI194,2026-01-26 11:37:36.952,PENDING,False,Air India,MAA,BLR,MAA-BLR,2026-04-18 05:09:41.703,2026-04-18 09:38:41.703,269.0,False,VALID,VALID,3088.17,1,0179073eea13ca75,35-54,F
B1809,P1781,UK045,2026-04-09 11:37:36.952,PENDING,False,Vistara,MAA,HYD,MAA-HYD,2026-04-18 07:43:41.701,2026-04-18 09:28:41.701,105.0,False,VALID,VALID,3364.76,1,69439960bbccf2a6,35-54,M
B1809,P1781,UK045,2026-04-09 11:37:36.952,PENDING,False,Vistara,MAA,HYD,MAA-HYD,2026-04-18 07:43:41.701,2026-04-18 09:28:41.701,105.0,False,VALID,VALID,3364.76,1,69439960bbccf2a6,35-54,M
B1810,P1078,6F228,2026-03-20 11:37:36.952,CONFIRMED,True,IndiGo,HYD,MAA,HYD-MAA,2026-04-18 04:36:41.704,2026-04-18 09:27:41.704,291.0,False,VALID,VALID,24847.86,3,a965c821df17a512,35-54,M
B1811,P1432,SJ190,2026-04-04 11:37:36.952,CANCELLED,False,SpiceJet,BOM,CCU,BOM-CCU,2026-04-18 04:57:41.703,2026-04-18 09:25:41.703,268.0,False,VALID,VALID,0.0,0,20e09fcd1bcdf6ad,55+,F
B1812,P1800,AI156,2026-01-06 11:37:36.952,CANCELLED,False,Air India,CCU,BOM,CCU-BOM,2026-04-18 07:39:41.703,2026-04-18 09:22:41.703,103.0,False,VALID,VALID,0.0,0,ffd7386b5130f996,18-34,M
B1813,P1152,AI104,2025-04-21 11:37:36.952,UNKNOWN,False,Air India,MAA,HYD,MAA-HYD,2026-04-18 07:35:41.702,2026-04-18 09:20:41.702,105.0,False,VALID,VALID,0.0,0,448e628481ab8a83,18-34,M
B1814,P1788,UK033,2025-06-22 11:37:36.952,CONFIRMED,True,Vistara,HYD,DEL,HYD-DEL,2026-04-18 04:34:41.701,2026-04-18 09:18:41.701,284.0,False,VALID,VALID,22368.37,2,67bd11a206eac494,0-17,F
B1815,P1400,UK137,2025-05-01 11:37:36.952,PENDING,False,Vistara,BOM,MAA,BOM-MAA,2026-04-18 07:04:41.703,2026-04-18 09:14:41.703,130.0,False,VALID,VALID,14796.41,3,b3e6d1ab51a6c153,55+,M
B1816,P1278,UK214,2025-06-21 11:37:36.952,PENDING,False,Vistara,HYD,DEL,HYD-DEL,2026-04-18 05:30:41.704,2026-04-18 09:10:41.704,220.0,False,VALID,VALID,16679.42,1,e34d7953edffb5aa,18-34,M
B1817,P1056,6F033,2025-06-07 11:37:36.952,PENDING,False,IndiGo,DEL,HYD,DEL-HYD,2026-04-18 07:08:41.701,2026-04-18 09:08:41.701,120.0,False,VALID,VALID,9010.12,3,9e2f9c24c28060df,55+,F
B1818,P1976,AI114,2025-11-07 11:37:36.952,CONFIRMED,True,Air India,CCU,DEL,CCU-DEL,2026-04-18 07:48:41.702,2026-04-18 09:03:41.702,75.0,False,VALID,VALID,4111.43,2,3becf5df47bdff1d,55+,M
B1819,P1185,AI017,2026-01-19 11:37:36.952,CONFIRMED,True,Air India,CCU,BOM,CCU-BOM,2026-04-18 05:15:41.701,2026-04-18 08:48:41.701,213.0,False,VALID,VALID,16080.49,3,120b27eb84582f37,18-34,M
B1820,P1397,6F244,2025-12-01 11:37:36.952,PENDING,False,IndiGo,MAA,CCU,MAA-CCU,2026-04-18 07:07:41.704,2026-04-18 08:31:41.704,84.0,False,VALID,VALID,9484.61,2,e1688c6ebc004780,55+,M
B1821,P1604,6F160,2025-11-27 11:37:36.952,PENDING,False,IndiGo,MAA,BLR,MAA-BLR,2026-04-18 04:09:41.703,2026-04-18 08:26:41.703,257.0,False,VALID,VALID,17599.66,3,a8424e40f58a8f17,0-17,F
B1822,P1787,6F088,2026-01-05 11:37:36.952,CANCELLED,False,IndiGo,CCU,BLR,CCU-BLR,2026-04-18 05:51:41.702,2026-04-18 08:22:41.702,151.0,False,VALID,VALID,0.0,0,2a83efe6c04452bc,0-17,F
B1823,P1157,6F155,2025-11-26 11:37:36.952,CANCELLED,False,IndiGo,DEL,BLR,DEL-BLR,2026-04-18 07:47:41.703,2026-04-18 08:20:41.703,33.0,False,VALID,VALID,0.0,0,4a6add987cf788a4,55+,M
B1824,P1786,AI095,2026-04-15 11:37:36.952,PENDING,False,Air India,DEL,MAA,DEL-MAA,2026-04-18 05:00:41.702,2026-04-18 08:18:41.702,198.0,False,VALID,VALID,16105.7,3,d63e39fef866b582,55+,M
B1825,P1692,6F139,2025-05-17 11:37:36.952,PENDING,False,IndiGo,HYD,MAA,HYD-MAA,2026-04-18 04:55:41.702,2026-04-18 08:17:41.702,202.0,False,VALID,VALID,8088.17,3,39d03c4167d7676d,55+,F
B1826,P1358,6F101,2025-07-11 11:37:36.952,CANCELLED,False,IndiGo,BOM,MAA,BOM-MAA,2026-04-18 03:18:41.702,2026-04-18 08:15:41.702,297.0,False,VALID,VALID,0.0,0,9c0013f4322332d2,35-54,F
B1827,P1439,AI054,2025-06-23 11:37:36.952,PENDING,False,Air India,HYD,CCU,HYD-CCU,2026-04-18 03:44:41.701,2026-04-18 08:10:41.701,266.0,False,VALID,VALID,8580.62,2,e3645aceaf7263fa,55+,M
B1828,P1588,SJ094,2025-05-18 11:37:36.952,CANCELLED,False,SpiceJet,MAA,HYD,MAA-HYD,2026-04-18 03:23:41.702,2026-04-18 08:07:41.702,284.0,False,VALID,VALID,0.0,0,d1a1bf1d8dd5ff9e,55+,M
B1829,P1465,6F217,2026-01-15 11:37:36.952,CANCELLED,False,IndiGo,BLR,BOM,BLR-BOM,2026-04-18 05:13:41.704,2026-04-18 08:01:41.704,168.0,False,VALID,VALID,0.0,0,71fc9efcf34b34c0,18-34,M
B1830,P1662,6F100,2026-04-15 11:37:36.952,CANCELLED,False,IndiGo,BOM,BLR,BOM-BLR,2026-04-18 04:40:41.702,2026-04-18 07:49:41.702,189.0,False,VALID,VALID,0.0,0,1da5ced675158aae,35-54,F
B1831,P1445,6F081,2026-02-05 11:37:36.952,CONFIRMED,True,IndiGo,MAA,BLR,MAA-BLR,2026-04-18 06:04:41.702,2026-04-18 07:43:41.702,99.0,False,VALID,VALID,17907.66,3,10760f5869cb3300,55+,F
B1832,P1749,SJ156,2025-06-17 11:37:36.952,CONFIRMED,True,SpiceJet,BOM,DEL,BOM-DEL,2026-04-18 06:59:41.703,2026-04-18 07:34:41.703,35.0,False,VALID,VALID,18966.93,1,7a8dbeb399925db3,35-54,M
B1833,P1800,6F060,2025-06-07 11:37:36.952,PENDING,False,IndiGo,DEL,BLR,DEL-BLR,2026-04-18 05:29:41.701,2026-04-18 07:29:42.000,120.0,False,VALID,VALID,15472.63,3,ffd7386b5130f996,18-34,M
B1834,P1742,UK129,2025-08-14 11:37:36.952,CANCELLED,False,Vistara,HYD,MAA,HYD-MAA,2026-04-18 06:29:41.702,2026-04-18 07:29:42.000,60.0,False,VALID,VALID,0.0,0,61864ff2276be466,18-34,M
B1835,P1487,UK032,2026-02-07 11:37:36.952,CONFIRMED,True,Vistara,BLR,BOM,BLR-BOM,2026-04-18 03:31:41.701,2026-04-18 07:28:41.701,237.0,False,VALID,VALID,24635.18,3,080a17634682e71c,18-34,M
B1836,P1529,AI166,2025-09-23 11:37:36.952,PENDING,False,Air India,BOM,CCU,BOM-CCU,2026-04-18 04:20:41.703,2026-04-18 07:23:41.703,183.0,False,VALID,VALID,12223.99,3,344b1186310b77f6,55+,M
B1837,P1072,SJ056,2025-10-31 11:37:36.952,PENDING,False,SpiceJet,HYD,DEL,HYD-DEL,2026-04-18 06:11:41.701,2026-04-18 07:10:41.701,59.0,False,VALID,VALID,14320.83,2,08cb2d3a1162156f,18-34,M
B1838,P1928,SJ101,2025-06-12 11:37:36.952,PENDING,False,SpiceJet,CCU,DEL,CCU-DEL,2026-04-18 05:17:41.702,2026-04-18 06:57:41.702,100.0,False,VALID,VALID,3274.34,2,b24576ecd2ed6403,0-17,M
B1839,P1927,SJ065,2025-05-09 11:37:36.952,PENDING,False,SpiceJet,MAA,BLR,MAA-BLR,2026-04-18 04:10:41.701,2026-04-18 06:54:41.701,164.0,False,VALID,VALID,20512.63,2,88f7f4237aee1892,18-34,F
B1840,P1700,SJ100,2025-04-19 11:37:36.952,PENDING,False,SpiceJet,MAA,BLR,MAA-BLR,2026-04-18 03:28:41.702,2026-04-18 06:50:41.702,202.0,False,VALID,VALID,14445.06,3,a0c25461e64548f7,0-17,F
B1841,P1949,UK011,2025-10-24 11:37:36.952,CANCELLED,False,Vistara,CCU,DEL,CCU-DEL,2026-04-18 04:41:41.701,2026-04-18 06:25:41.701,104.0,False,VALID,VALID,0.0,0,2300988a2e179648,0-17,M
B1842,P1016,6F062,2026-02-17 11:37:36.952,PENDING,False,IndiGo,CCU,DEL,CCU-DEL,2026-04-18 04:55:41.701,2026-04-18 06:22:41.701,87.0,False,VALID,VALID,5069.58,1,a41aa336bdc7df1d,18-34,M
B1843,P1530,SJ176,2025-08-15 11:37:36.952,CANCELLED,False,SpiceJet,DEL,BOM,DEL-BOM,2026-04-18 04:15:41.703,2026-04-18 06:17:41.703,122.0,False,VALID,VALID,0.0,0,f2263e28156d59f1,0-17,M
B1844,P1730,6F120,2025-11-26 11:37:36.952,CONFIRMED,True,IndiGo,BLR,BOM,BLR-BOM,2026-04-18 05:14:41.702,2026-04-18 06:14:41.702,60.0,False,VALID,VALID,11690.16,1,61f8803a3134263d,18-34,M
B1845,P1325,AI121,2026-03-05 11:37:36.952,PENDING,False,Air India,HYD,MAA,HYD-MAA,2026-04-18 02:42:41.702,2026-04-18 06:11:41.702,209.0,False,VALID,VALID,18016.8,2,9fca29bf66969aa3,35-54,M
B1846,P1994,UK072,2025-08-30 11:37:36.952,CONFIRMED,True,Vistara,BOM,BLR,BOM-BLR,2026-04-18 02:55:41.702,2026-04-18 05:55:42.000,180.0,False,VALID,VALID,6286.23,1,202a18c1cead1aef,55+,F
B1846,P1994,UK072,2025-08-30 11:37:36.952,CONFIRMED,True,Vistara,BOM,BLR,BOM-BLR,2026-04-18 02:55:41.702,2026-04-18 05:55:42.000,180.0,False,VALID,VALID,6286.23,1,202a18c1cead1aef,55+,F
B1847,P1631,AI006,2026-04-06 11:37:36.952,CANCELLED,False,Air India,BOM,BLR,BOM-BLR,2026-04-18 03:04:41.701,2026-04-18 05:54:41.701,170.0,False,VALID,VALID,0.0,0,d5169308ce3fd20e,35-54,F
B1848,P1612,SJ231,2025-05-19 11:37:36.952,CANCELLED,False,SpiceJet,DEL,BLR,DEL-BLR,2026-04-18 04:23:41.704,2026-04-18 05:48:41.704,85.0,False,VALID,VALID,0.0,0,907899adc7befe7a,55+,F
B1849,P1545,SJ129,2025-06-24 11:37:36.952,UNKNOWN,False,SpiceJet,CCU,BOM,CCU-BOM,2026-04-18 01:48:41.702,2026-04-18 05:48:41.702,240.0,False,VALID,VALID,0.0,0,b6212904303d11c8,55+,M
B1850,P1595,6F110,2025-04-21 11:37:36.952,PENDING,False,IndiGo,HYD,DEL,HYD-DEL,2026-04-18 02:27:41.702,2026-04-18 05:48:41.702,201.0,False,VALID,VALID,21897.62,2,63ff9a7aafe8e150,18-34,M
B1851,P1920,6F231,2025-11-26 11:37:36.952,PENDING,False,IndiGo,HYD,MAA,HYD-MAA,2026-04-18 01:16:41.704,2026-04-18 05:43:41.704,267.0,False,VALID,VALID,23076.82,3,b80f0792f54b48b7,35-54,F
B1852,P1707,6F095,2025-08-09 11:37:36.952,CONFIRMED,True,IndiGo,BLR,MAA,BLR-MAA,2026-04-18 01:53:41.702,2026-04-18 05:34:41.702,221.0,False,VALID,VALID,7667.24,3,fdff1477af852fb0,0-17,M
B1853,P1841,UK054,2025-05-05 11:37:36.952,CONFIRMED,True,Vistara,BLR,BOM,BLR-BOM,2026-04-18 00:37:41.701,2026-04-18 05:30:41.701,293.0,False,VALID,VALID,13335.62,2,115f110efe2c6529,0-17,M
B1854,P1201,SJ123,2025-08-10 11:37:36.952,CONFIRMED,True,SpiceJet,BOM,CCU,BOM-CCU,2026-04-18 03:57:41.702,2026-04-18 05:25:41.702,88.0,False,VALID,VALID,19136.89,1,34cb09016abab11b,0-17,F
B1855,P1343,6F006,2026-01-04 11:37:36.952,PENDING,False,IndiGo,BOM,BLR,BOM-BLR,2026-04-18 03:06:41.701,2026-04-18 05:06:42.000,120.0,False,VALID,VALID,22324.05,3,87979b85c18377fa,35-54,F
B1856,P1852,UK226,2025-05-04 11:37:36.952,PENDING,False,Vistara,MAA,HYD,MAA-HYD,2026-04-18 03:58:41.704,2026-04-18 05:01:41.704,63.0,False,VALID,VALID,11339.16,3,222944dd62e3dd9a,55+,F
B1857,P1522,AI065,2026-03-07 11:37:36.952,PENDING,False,Unknown,MAA,BLR,MAA-BLR,2026-04-18 00:09:41.701,2026-04-18 05:00:41.701,291.0,False,VALID,VALID,14374.43,2,bb9132d26cbca0e0,18-34,F
B1858,P1858,6F008,2025-11-25 11:37:36.952,UNKNOWN,False,IndiGo,DEL,BOM,DEL-BOM,2026-04-18 00:14:41.701,2026-04-18 04:59:41.701,285.0,False,VALID,VALID,0.0,0,28f3c2a8d2b4e70a,0-17,F
B1858,P1858,6F008,2025-11-25 11:37:36.952,UNKNOWN,False,IndiGo,DEL,BOM,DEL-BOM,2026-04-18 00:14:41.701,2026-04-18 04:59:41.701,285.0,False,VALID,VALID,0.0,0,28f3c2a8d2b4e70a,0-17,F
B1859,P1399,AI195,2025-11-11 11:37:36.952,PENDING,False,Air India,CCU,MAA,CCU-MAA,2026-04-18 02:58:41.703,2026-04-18 04:57:41.703,119.0,False,VALID,VALID,19084.99,1,1912700de81700fc,35-54,F
B1860,P1217,UK043,2025-08-01 11:37:36.952,UNKNOWN,False,Unknown,DEL,HYD,DEL-HYD,2026-04-18 00:48:41.701,2026-04-18 04:52:41.701,244.0,False,VALID,VALID,0.0,0,252b1f4fb0c859e1,0-17,M
B1861,P1444,AI125,2025-10-15 11:37:36.952,CONFIRMED,True,Unknown,CCU,DEL,CCU-DEL,2026-04-18 01:12:41.702,2026-04-18 04:51:41.702,219.0,False,VALID,VALID,15538.54,1,547d9344fb2018b3,35-54,M
B1862,P1764,AI089,2025-10-05 11:37:36.952,PENDING,False,Air India,CCU,BOM,CCU-BOM,2026-04-18 04:05:41.702,2026-04-18 04:47:41.702,42.0,False,VALID,VALID,5301.53,3,d73e5d2c4c0077f0,55+,F
B1863,P1221,UK019,2026-02-12 11:37:36.952,CONFIRMED,True,Vistara,BOM,HYD,BOM-HYD,2026-04-18 03:41:41.701,2026-04-18 04:35:41.701,54.0,False,VALID,VALID,22887.41,1,dab551ca1c235e7c,55+,M
B1864,P1382,UK078,2025-09-27 11:37:36.952,CANCELLED,False,Vistara,BOM,HYD,BOM-HYD,2026-04-18 01:03:41.702,2026-04-18 04:32:41.702,209.0,False,VALID,VALID,0.0,0,013d99516c3b5284,35-54,F
B1865,P1880,SJ009,2025-07-28 11:37:36.952,CANCELLED,False,SpiceJet,CCU,BLR,CCU-BLR,2026-04-18 02:48:41.701,2026-04-18 04:23:41.701,95.0,False,VALID,VALID,0.0,0,e0ba46c9a9df42b0,55+,M
B1866,P1591,UK178,2026-01-28 11:37:36.952,CONFIRMED,True,Vistara,DEL,BLR,DEL-BLR,2026-04-17 23:41:41.703,2026-04-18 04:09:41.703,268.0,False,VALID,VALID,5196.97,3,977c3154ed97450c,0-17,M
B1867,P1006,UK018,2025-11-23 11:37:36.952,CONFIRMED,True,Vistara,BOM,CCU,BOM-CCU,2026-04-18 02:15:41.701,2026-04-18 04:08:41.701,113.0,False,VALID,VALID,7496.74,1,6db11620a17d5f39,55+,M
B1868,P1271,SJ059,2026-04-10 11:37:36.952,CANCELLED,False,SpiceJet,CCU,DEL,CCU-DEL,2026-04-18 02:50:41.701,2026-04-18 04:06:41.701,76.0,False,VALID,VALID,0.0,0,b946ce82312468e7,55+,F
B1869,P1738,UK108,2026-02-04 11:37:36.952,CONFIRMED,True,Vistara,DEL,BLR,DEL-BLR,2026-04-18 00:28:41.702,2026-04-18 03:46:41.702,198.0,False,VALID,VALID,3509.08,2,40c119ce6fc328a5,0-17,M
B1870,P1015,6F045,2025-04-25 11:37:36.952,CANCELLED,False,IndiGo,BOM,HYD,BOM-HYD,2026-04-17 23:04:41.701,2026-04-18 03:38:41.701,274.0,False,VALID,VALID,0.0,0,79bfd5dc59b585de,55+,F
B1871,P1423,AI144,2025-10-04 11:37:36.952,CANCELLED,False,Air India,MAA,BOM,MAA-BOM,2026-04-18 00:43:41.702,2026-04-18 03:36:41.702,173.0,False,VALID,VALID,0.0,0,4f0fcf7fa9722f71,0-17,M
B1872,P1523,AI244,2025-07-09 11:37:36.952,PENDING,False,Air India,BLR,BOM,BLR-BOM,2026-04-18 02:50:41.704,2026-04-18 03:25:41.704,35.0,False,VALID,VALID,18824.88,3,ad3bdf275e916fda,55+,F
B1873,P1802,6F265,2025-04-25 11:37:36.952,CONFIRMED,True,Unknown,DEL,HYD,DEL-HYD,2026-04-18 02:27:41.703,2026-04-18 03:24:41.703,57.0,False,VALID,VALID,22526.56,3,844bcfc3767694bb,0-17,M
B1874,P1752,6F108,2026-01-26 11:37:36.952,CONFIRMED,True,IndiGo,DEL,HYD,DEL-HYD,2026-04-17 23:41:41.702,2026-04-18 03:23:41.702,222.0,False,VALID,VALID,11681.86,1,2426b0a2227ebf71,35-54,M
B1875,P1020,6F069,2025-06-17 11:37:36.952,PENDING,False,IndiGo,MAA,BLR,MAA-BLR,2026-04-17 23:44:41.701,2026-04-18 03:17:41.701,213.0,False,VALID,VALID,10020.91,1,4106a53da67785e5,55+,M
B1876,P1689,6F072,2025-06-14 11:37:36.952,CANCELLED,False,IndiGo,BLR,CCU,BLR-CCU,2026-04-18 02:14:41.702,2026-04-18 03:11:41.702,57.0,False,VALID,VALID,0.0,0,d75a676921b0b5ba,0-17,F
B1877,P1938,6F096,2025-11-09 11:37:36.952,CONFIRMED,True,IndiGo,MAA,BLR,MAA-BLR,2026-04-17 22:45:41.702,2026-04-18 02:58:41.702,253.0,False,VALID,VALID,15781.77,1,7eaf1e6c1630f0c8,18-34,F
B1878,P1227,SJ233,2025-12-31 11:37:36.952,PENDING,False,SpiceJet,DEL,HYD,DEL-HYD,2026-04-18 01:18:41.704,2026-04-18 02:56:41.704,98.0,False,VALID,VALID,12001.08,2,2e06fe05d97653f3,55+,M
B1879,P1784,AI203,2025-12-03 11:37:36.952,PENDING,False,Air India,BOM,CCU,BOM-CCU,2026-04-18 00:09:41.703,2026-04-18 02:56:41.703,167.0,False,VALID,VALID,16239.04,1,611287edff2d9e60,55+,F
B1880,P1287,UK147,2026-03-08 11:37:36.952,CONFIRMED,True,Vistara,CCU,DEL,CCU-DEL,2026-04-17 23:35:41.703,2026-04-18 02:55:41.703,200.0,False,VALID,VALID,23578.39,3,83c85f81da982d4c,55+,F
B1881,P1808,UK039,2025-08-26 11:37:36.952,PENDING,False,Vistara,HYD,BOM,HYD-BOM,2026-04-18 01:40:41.701,2026-04-18 02:53:41.701,73.0,False,VALID,VALID,13288.09,1,8a476547d4cf963e,55+,M
B1882,P1133,6F216,2025-10-17 11:37:36.952,CANCELLED,False,IndiGo,BLR,DEL,BLR-DEL,2026-04-17 21:58:41.704,2026-04-18 02:51:41.704,293.0,False,VALID,VALID,0.0,0,e258099877a0dfa8,0-17,F
B1883,P1983,AI214,2025-11-17 11:37:36.952,PENDING,False,Air India,CCU,DEL,CCU-DEL,2026-04-17 22:23:41.703,2026-04-18 02:49:41.703,266.0,False,VALID,VALID,11298.53,1,431bbc9bb28a7a5e,35-54,M
B1884,P1282,UK025,2025-08-31 11:37:36.952,CANCELLED,False,Vistara,DEL,BOM,DEL-BOM,2026-04-17 22:55:41.701,2026-04-18 02:47:41.701,232.0,False,VALID,VALID,0.0,0,a5d7ccdbaa33ef6a,35-54,M
B1885,P1403,UK053,2025-08-10 11:37:36.952,CANCELLED,False,Vistara,BLR,BOM,BLR-BOM,2026-04-17 23:56:41.701,2026-04-18 02:46:41.701,170.0,False,VALID,VALID,0.0,0,68817845c7bde67e,0-17,M
B1886,P1664,6F130,2026-02-12 11:37:36.952,UNKNOWN,False,IndiGo,DEL,HYD,DEL-HYD,2026-04-18 01:27:41.702,2026-04-18 02:45:41.702,78.0,False,VALID,VALID,0.0,0,0c2667ac3ad287d5,18-34,M
B1887,P1065,6F247,2026-03-09 11:37:36.952,PENDING,False,IndiGo,DEL,HYD,DEL-HYD,2026-04-18 01:27:41.702,2026-04-18 02:45:41.702,78.0,False,VALID,VALID,18060.37,3,44f4c40b2d4180be,0-17,F
B1888,P1648,6F159,2025-12-25 11:37:36.952,CANCELLED,False,IndiGo,CCU,BOM,CCU-BOM,2026-04-18 02:08:41.703,2026-04-18 02:43:41.703,35.0,False,VALID,VALID,0.0,0,29b50a0cf1005354,0-17,M
B1889,P1603,UK086,2026-02-24 11:37:36.952,CANCELLED,False,Vistara,CCU,BLR,CCU-BLR,2026-04-17 23:55:41.702,2026-04-18 02:27:41.702,152.0,False,VALID,VALID,0.0,0,0b40c4ed7240e82b,35-54,M
B1890,P1436,6F102,2025-08-30 11:37:36.952,PENDING,False,IndiGo,HYD,MAA,HYD-MAA,2026-04-18 01:10:41.702,2026-04-18 02:24:41.702,74.0,False,VALID,VALID,8359.13,2,6d64c5db9320443a,18-34,F
B1891,P1828,UK186,2026-01-26 11:37:36.952,CANCELLED,False,Vistara,BOM,BLR,BOM-BLR,2026-04-17 23:05:41.703,2026-04-18 02:22:41.703,197.0,False,VALID,VALID,0.0,0,6c969592dda6775e,35-54,F
B1892,P1933,6F032,2025-08-24 11:37:36.952,PENDING,False,IndiGo,DEL,BOM,DEL-BOM,2026-04-17 23:43:41.701,2026-04-18 02:22:41.701,159.0,False,VALID,VALID,19577.1,3,6a1360631684f873,35-54,F
B1893,P1258,6F186,2025-08-02 11:37:36.952,CONFIRMED,True,IndiGo,HYD,BOM,HYD-BOM,2026-04-17 21:48:41.703,2026-04-18 02:02:41.703,254.0,False,VALID,VALID,22382.79,1,5a9ab6e12ec4e942,55+,M
B1894,P1979,6F106,2026-02-24 11:37:36.952,CANCELLED,False,IndiGo,BOM,CCU,BOM-CCU,2026-04-18 00:10:41.702,2026-04-18 01:52:41.702,102.0,False,VALID,VALID,0.0,0,7da056615e9de440,0-17,M
B1895,P1965,AI021,2025-10-05 11:37:36.952,CANCELLED,False,Air India,DEL,HYD,DEL-HYD,2026-04-17 21:39:41.701,2026-04-18 01:38:41.701,239.0,False,VALID,VALID,0.0,0,6a8e25c32bd2561f,35-54,F
B1896,P1102,AI157,2025-11-30 11:37:36.952,PENDING,False,Air India,BLR,CCU,BLR-CCU,2026-04-17 22:45:41.703,2026-04-18 01:33:41.703,168.0,False,VALID,VALID,7086.85,3,63ac4a24e48cfe89,0-17,F
B1896,P1102,AI157,2025-11-30 11:37:36.952,PENDING,False,Air India,BLR,CCU,BLR-CCU,2026-04-17 22:45:41.703,2026-04-18 01:33:41.703,168.0,False,VALID,VALID,7086.85,3,63ac4a24e48cfe89,0-17,F
B1897,P1992,6F054,2025-11-01 11:37:36.952,PENDING,False,IndiGo,HYD,BLR,HYD-BLR,2026-04-17 22:00:41.701,2026-04-18 01:25:41.701,205.0,False,VALID,VALID,14484.27,2,bc503e7c17113af4,55+,F
B1898,P1566,AI187,2025-10-03 11:37:36.952,PENDING,False,Air India,BLR,HYD,BLR-HYD,2026-04-17 23:32:41.703,2026-04-18 01:16:41.703,104.0,False,VALID,VALID,13305.17,2,8e26350544cae3f0,0-17,F
B1899,P1768,SJ124,2025-09-28 11:37:36.952,PENDING,False,SpiceJet,HYD,DEL,HYD-DEL,2026-04-17 21:05:41.702,2026-04-18 01:12:41.702,247.0,False,VALID,VALID,8707.68,3,80bcebf41c4bf5f4,0-17,M
B1900,P1100,SJ223,2025-10-06 11:37:36.952,CANCELLED,False,SpiceJet,HYD,MAA,HYD-MAA,2026-04-17 23:54:41.703,2026-04-18 01:08:41.703,74.0,False,VALID,VALID,0.0,0,89fef259b03bd24a,0-17,M
B1901,P1197,UK103,2025-04-25 11:37:36.952,CONFIRMED,True,Vistara,MAA,DEL,MAA-DEL,2026-04-17 21:52:41.702,2026-04-18 01:06:41.702,194.0,False,VALID,VALID,13592.81,3,4501ed1c58dd1fd2,0-17,M
B1902,P1812,SJ157,2026-02-08 11:37:36.952,CONFIRMED,True,SpiceJet,DEL,HYD,DEL-HYD,2026-04-17 22:11:41.703,2026-04-18 01:05:41.703,174.0,False,VALID,VALID,24105.31,1,a2e1a6df1b20d757,35-54,F
B1903,P1225,6F242,2025-11-06 11:37:36.952,CONFIRMED,True,IndiGo,BLR,MAA,BLR-MAA,2026-04-17 21:10:41.704,2026-04-18 01:04:41.704,234.0,False,VALID,VALID,17355.42,2,680933683d565020,55+,M
B1904,P1942,UK213,2025-07-01 11:37:36.952,CONFIRMED,True,Vistara,BOM,CCU,BOM-CCU,2026-04-17 23:21:41.704,2026-04-18 01:01:41.704,100.0,False,VALID,VALID,13901.14,1,c6609517bbe9e32d,0-17,M
B1905,P1462,SJ120,2026-02-13 11:37:36.952,PENDING,False,SpiceJet,MAA,BLR,MAA-BLR,2026-04-17 21:19:41.702,2026-04-18 00:56:41.702,217.0,False,VALID,VALID,5435.23,1,72097e858425a287,55+,F
B1906,P1236,AI035,2025-08-11 11:37:36.952,CANCELLED,False,Air India,DEL,MAA,DEL-MAA,2026-04-17 23:17:41.701,2026-04-18 00:48:41.701,91.0,False,VALID,VALID,0.0,0,2be53f3729889579,18-34,F
B1906,P1236,AI035,2025-08-11 11:37:36.952,CANCELLED,False,Air India,DEL,MAA,DEL-MAA,2026-04-17 23:17:41.701,2026-04-18 00:48:41.701,91.0,False,VALID,VALID,0.0,0,2be53f3729889579,18-34,F
B1907,P1025,6F147,2026-01-14 11:37:36.952,CANCELLED,False,IndiGo,HYD,MAA,HYD-MAA,2026-04-17 19:57:41.703,2026-04-18 00:31:41.703,274.0,False,VALID,VALID,0.0,0,06cf5fba4db048c6,18-34,M
B1908,P1120,SJ229,2025-08-09 11:37:36.952,CANCELLED,False,SpiceJet,CCU,DEL,CCU-DEL,2026-04-17 22:25:41.704,2026-04-18 00:27:41.704,122.0,False,VALID,VALID,0.0,0,2dc43d859714a78e,18-34,M
B1909,P1909,AI230,2025-11-14 11:37:36.952,PENDING,False,Unknown,CCU,BLR,CCU-BLR,2026-04-17 20:37:41.704,2026-04-18 00:22:41.704,225.0,False,VALID,VALID,22287.64,2,2bb472f799372f4d,0-17,M
B1910,P1505,UK162,2025-06-10 11:37:36.952,CANCELLED,False,Vistara,BOM,CCU,BOM-CCU,2026-04-17 22:47:41.703,2026-04-18 00:21:41.703,94.0,False,VALID,VALID,0.0,0,b3b2bddc4a1da019,55+,F
B1911,P1181,AI066,2025-05-29 11:37:36.952,PENDING,False,Air India,HYD,MAA,HYD-MAA,2026-04-17 21:51:41.701,2026-04-18 00:11:41.701,140.0,False,VALID,VALID,24660.51,3,31992dce7e9c9433,55+,M
B1912,P1710,6F205,2025-09-09 11:37:36.952,CANCELLED,False,IndiGo,HYD,BOM,HYD-BOM,2026-04-17 22:16:41.703,2026-04-18 00:02:41.703,106.0,False,VALID,VALID,0.0,0,914fd328b6838ba3,35-54,M
B1913,P1813,AI124,2025-05-24 11:37:36.952,CONFIRMED,True,Air India,CCU,HYD,CCU-HYD,2026-04-17 20:28:41.702,2026-04-18 00:00:41.702,212.0,False,VALID,VALID,23965.98,2,a1807f6186c536cb,18-34,M
B1914,P1766,UK114,2025-10-19 11:37:36.952,PENDING,False,Vistara,HYD,CCU,HYD-CCU,2026-04-17 22:10:41.702,2026-04-17 23:58:41.702,108.0,False,VALID,VALID,4580.09,1,79033b56d8536932,18-34,F
B1915,P1633,AI231,2025-06-03 11:37:36.952,CANCELLED,False,Air India,DEL,HYD,DEL-HYD,2026-04-17 21:52:41.704,2026-04-17 23:51:41.704,119.0,False,VALID,VALID,0.0,0,872c2d1f8a7597dd,18-34,F
B1916,P1542,AI113,2025-10-30 11:37:36.952,CONFIRMED,True,Air India,CCU,HYD,CCU-HYD,2026-04-17 21:21:41.702,2026-04-17 23:51:41.702,150.0,False,VALID,VALID,9698.26,1,9e61fe0e86b4cad7,35-54,M
B1916,P1542,AI113,2025-10-30 11:37:36.952,CONFIRMED,True,Air India,CCU,HYD,CCU-HYD,2026-04-17 21:21:41.702,2026-04-17 23:51:41.702,150.0,False,VALID,VALID,9698.26,1,9e61fe0e86b4cad7,35-54,M
B1917,P1983,UK180,2025-08-03 11:37:36.952,UNKNOWN,False,Vistara,CCU,MAA,CCU-MAA,2026-04-17 21:18:41.703,2026-04-17 23:29:41.703,131.0,False,VALID,VALID,0.0,0,431bbc9bb28a7a5e,35-54,M
B1918,P1314,UK180,2025-10-07 11:37:36.952,CONFIRMED,True,Vistara,CCU,MAA,CCU-MAA,2026-04-17 21:18:41.703,2026-04-17 23:29:41.703,131.0,False,VALID,VALID,5133.51,2,3f99f09b8067da26,55+,M
B1919,P1990,6F080,2026-03-17 11:37:36.952,PENDING,False,IndiGo,HYD,MAA,HYD-MAA,2026-04-17 19:47:41.702,2026-04-17 23:13:41.702,206.0,False,VALID,VALID,21607.53,1,1f68d46059da9b9a,55+,F
B1920,P1796,SJ095,2025-05-11 11:37:36.952,PENDING,False,SpiceJet,DEL,MAA,DEL-MAA,2026-04-17 20:09:41.702,2026-04-17 23:13:41.702,184.0,False,VALID,VALID,16568.64,2,1ca865e5a1e1372e,18-34,M
B1921,P1617,SJ115,2025-04-24 11:37:36.952,CANCELLED,False,SpiceJet,BOM,HYD,BOM-HYD,2026-04-17 21:05:41.702,2026-04-17 23:10:41.702,125.0,False,VALID,VALID,0.0,0,68804d131b57c8e9,18-34,F
B1922,P1735,AI142,2025-05-14 11:37:36.952,CONFIRMED,True,Air India,BOM,DEL,BOM-DEL,2026-04-17 20:49:41.702,2026-04-17 23:03:41.702,134.0,False,VALID,VALID,6636.85,1,8785d97a49642176,0-17,F
B1923,P1272,UK169,2025-11-28 11:37:36.952,CANCELLED,False,Vistara,HYD,DEL,HYD-DEL,2026-04-17 18:12:41.703,2026-04-17 23:01:41.703,289.0,False,VALID,VALID,0.0,0,d875da9e30d8c13c,55+,F
B1924,P1909,SJ041,2025-05-04 11:37:36.952,CANCELLED,False,SpiceJet,CCU,HYD,CCU-HYD,2026-04-17 18:24:41.701,2026-04-17 22:59:41.701,275.0,False,VALID,VALID,0.0,0,2bb472f799372f4d,0-17,M
B1925,P1231,UK171,2025-04-20 11:37:36.952,CONFIRMED,True,Vistara,HYD,CCU,HYD-CCU,2026-04-17 19:59:41.703,2026-04-17 22:53:41.703,174.0,False,VALID,VALID,21742.53,3,6dbf5c97b3972bc3,55+,M
B1926,P1419,AI081,2025-11-27 11:37:36.952,CANCELLED,False,Air India,CCU,BOM,CCU-BOM,2026-04-17 21:03:41.702,2026-04-17 22:51:41.702,108.0,False,VALID,VALID,0.0,0,e3c878433ba57c2c,0-17,F
B1927,P1767,AI162,2026-01-28 11:37:36.952,PENDING,False,Air India,MAA,DEL,MAA-DEL,2026-04-17 19:20:41.703,2026-04-17 22:40:41.703,200.0,False,VALID,VALID,19172.85,2,9dbf68e071e2c1bc,0-17,M
B1928,P1441,SJ037,2026-01-23 11:37:36.952,CANCELLED,False,SpiceJet,BLR,BOM,BLR-BOM,2026-04-17 19:14:41.701,2026-04-17 22:31:41.701,197.0,False,VALID,VALID,0.0,0,dcadd8f9dc6e69db,18-34,M
B1929,P1495,SJ037,2025-11-05 11:37:36.952,CONFIRMED,True,SpiceJet,BLR,BOM,BLR-BOM,2026-04-17 19:14:41.701,2026-04-17 22:31:41.701,197.0,False,VALID,VALID,11167.56,1,da15c99dc20d50e0,0-17,F
B1930,P1023,UK080,2025-12-16 11:37:36.952,PENDING,False,Vistara,BLR,MAA,BLR-MAA,2026-04-17 21:09:41.702,2026-04-17 22:29:41.702,80.0,False,VALID,VALID,11906.81,3,b502debe7f09d395,55+,F
B1931,P1108,SJ031,2025-09-26 11:37:36.952,PENDING,False,SpiceJet,DEL,BOM,DEL-BOM,2026-04-17 21:20:41.701,2026-04-17 22:29:41.701,69.0,False,VALID,VALID,19720.33,3,696200fd839848b1,0-17,M
B1931,P1108,SJ031,2025-09-26 11:37:36.952,PENDING,False,SpiceJet,DEL,BOM,DEL-BOM,2026-04-17 21:20:41.701,2026-04-17 22:29:41.701,69.0,False,VALID,VALID,19720.33,3,696200fd839848b1,0-17,M
B1932,P1702,AI199,2025-12-28 11:37:36.952,CANCELLED,False,Air India,HYD,DEL,HYD-DEL,2026-04-17 18:47:41.703,2026-04-17 22:26:41.703,219.0,False,VALID,VALID,0.0,0,39d0aaae71bcfd7e,55+,M
B1933,P1501,6F082,2025-05-28 11:37:36.952,CANCELLED,False,IndiGo,BOM,BLR,BOM-BLR,2026-04-17 20:26:41.702,2026-04-17 22:26:41.702,120.0,False,VALID,VALID,0.0,0,69b5e68dd6e023bd,55+,M
B1934,P1858,UK217,2026-04-12 11:37:36.952,PENDING,False,Vistara,MAA,CCU,MAA-CCU,2026-04-17 21:19:41.704,2026-04-17 22:14:41.704,55.0,False,VALID,VALID,23713.85,3,28f3c2a8d2b4e70a,0-17,F
B1934,P1858,UK217,2026-04-12 11:37:36.952,PENDING,False,Vistara,MAA,CCU,MAA-CCU,2026-04-17 21:19:41.704,2026-04-17 22:14:41.704,55.0,False,VALID,VALID,23713.85,3,28f3c2a8d2b4e70a,0-17,F
B1935,P1024,UK014,2026-04-13 11:37:36.952,CANCELLED,False,Vistara,HYD,MAA,HYD-MAA,2026-04-17 20:41:41.701,2026-04-17 22:06:41.701,85.0,False,VALID,VALID,0.0,0,9ab181240ed03a05,55+,M
B1936,P1186,SJ180,2026-01-11 11:37:36.952,CONFIRMED,True,SpiceJet,HYD,CCU,HYD-CCU,2026-04-17 17:12:41.703,2026-04-17 22:00:41.703,288.0,False,VALID,VALID,22714.69,3,6e3bf1fbe8842e4f,55+,F
B1937,P1287,6F268,2026-02-19 11:37:36.952,CANCELLED,False,Unknown,DEL,MAA,DEL-MAA,2026-04-17 20:29:41.701,2026-04-17 21:58:41.701,89.0,False,VALID,VALID,0.0,0,83c85f81da982d4c,55+,F
B1938,P1627,UK205,2026-04-07 11:37:36.952,CANCELLED,False,Vistara,HYD,MAA,HYD-MAA,2026-04-17 18:57:41.703,2026-04-17 21:46:41.703,169.0,False,VALID,VALID,0.0,0,66ff10bdebab942a,18-34,M
B1939,P1337,SJ212,2025-07-22 11:37:36.952,PENDING,False,UNKNOWN,MAA,BLR,MAA-BLR,2026-04-17 19:49:41.703,2026-04-17 21:44:41.703,115.0,False,VALID,VALID,21622.53,1,3690dd88fd47d82e,55+,F
B1940,P1877,UK052,2025-06-25 11:37:36.952,CANCELLED,False,Vistara,BLR,CCU,BLR-CCU,2026-04-17 20:48:41.701,2026-04-17 21:40:41.701,52.0,False,VALID,VALID,0.0,0,7f99da50ad19a494,0-17,F
B1941,P1913,UK230,2025-06-13 11:37:36.952,CANCELLED,False,Vistara,BLR,BOM,BLR-BOM,2026-04-17 20:02:41.704,2026-04-17 21:35:41.704,93.0,False,VALID,VALID,0.0,0,86d87cbac905451c,55+,F
B1942,P1036,AI145,2025-07-18 11:37:36.952,CANCELLED,False,Unknown,DEL,BOM,DEL-BOM,2026-04-17 17:06:41.702,2026-04-17 21:31:41.702,265.0,False,VALID,VALID,0.0,0,6ec4e1e528492a65,55+,F
B1943,P1793,SJ035,2026-03-13 11:37:36.952,CONFIRMED,True,SpiceJet,CCU,DEL,CCU-DEL,2026-04-17 20:15:41.701,2026-04-17 21:15:42.000,60.0,False,VALID,VALID,8395.7,2,7b3d44d6828e3b78,55+,M
B1944,P1136,SJ184,2025-07-20 11:37:36.952,CANCELLED,False,SpiceJet,CCU,DEL,CCU-DEL,2026-04-17 16:32:41.703,2026-04-17 21:00:41.703,268.0,False,VALID,VALID,0.0,0,a23a32c91af035e1,18-34,M
B1945,P1507,6F207,2025-11-03 11:37:36.952,CONFIRMED,True,IndiGo,BOM,HYD,BOM-HYD,2026-04-17 16:59:41.703,2026-04-17 21:00:41.703,241.0,False,VALID,VALID,21729.36,2,ead35841a79fee27,35-54,F
B1946,P1226,UK144,2026-03-30 11:37:36.952,CONFIRMED,True,Vistara,BOM,CCU,BOM-CCU,2026-04-17 18:07:41.703,2026-04-17 20:59:41.703,172.0,False,VALID,VALID,22240.65,3,360aedd4c530685d,55+,F
B1947,P1319,AI126,2025-10-22 11:37:36.952,CONFIRMED,True,Air India,MAA,HYD,MAA-HYD,2026-04-17 17:26:41.702,2026-04-17 20:48:41.702,202.0,False,VALID,VALID,10465.09,2,f15c5a7ae439f4d0,35-54,M
B1948,P1839,SJ145,2025-05-19 11:37:36.952,CONFIRMED,True,SpiceJet,BLR,HYD,BLR-HYD,2026-04-17 17:41:41.702,2026-04-17 20:38:41.702,177.0,False,VALID,VALID,14678.71,1,b53cd664d3caa7d3,55+,M
B1949,P1915,6F040,2025-05-16 11:37:36.952,PENDING,False,IndiGo,HYD,CCU,HYD-CCU,2026-04-17 15:52:41.701,2026-04-17 20:33:41.701,281.0,False,VALID,VALID,8464.94,3,faec6ca7abdf3539,55+,M
B1950,P1181,UK049,2025-06-15 11:37:36.952,CONFIRMED,True,Vistara,HYD,BOM,HYD-BOM,2026-04-17 19:47:41.701,2026-04-17 20:32:41.701,45.0,False,VALID,VALID,8385.52,1,31992dce7e9c9433,55+,M
B1951,P1873,UK049,2026-03-18 11:37:36.952,CANCELLED,False,Vistara,HYD,BOM,HYD-BOM,2026-04-17 19:47:41.701,2026-04-17 20:32:41.701,45.0,False,VALID,VALID,0.0,0,f0dc16ef2ccee2c0,35-54,M
B1952,P1085,AI087,2025-10-18 11:37:36.952,CONFIRMED,True,Air India,MAA,DEL,MAA-DEL,2026-04-17 16:32:41.702,2026-04-17 20:30:41.702,238.0,False,VALID,VALID,23680.42,2,588df506ea4da583,55+,M
B1953,P1466,AI152,2025-05-24 11:37:36.952,CANCELLED,False,Air India,BLR,CCU,BLR-CCU,2026-04-17 19:21:41.703,2026-04-17 20:26:41.703,65.0,False,VALID,VALID,0.0,0,cbe07980b1f4550e,55+,F
B1954,P1925,SJ240,2025-11-06 11:37:36.952,CONFIRMED,True,SpiceJet,BOM,HYD,BOM-HYD,2026-04-17 16:42:41.704,2026-04-17 20:21:41.704,219.0,False,VALID,VALID,20101.89,3,8a16a7c19a04da54,18-34,M
B1955,P1052,AI212,2025-09-14 11:37:36.952,PENDING,False,Air India,DEL,CCU,DEL-CCU,2026-04-17 15:31:41.703,2026-04-17 20:13:41.703,282.0,False,VALID,VALID,14388.55,2,e71aecf5c85c1563,35-54,F
B1956,P1859,AI064,2025-09-21 11:37:36.952,CONFIRMED,True,Air India,BLR,MAA,BLR-MAA,2026-04-17 18:24:41.701,2026-04-17 20:07:41.701,103.0,False,VALID,VALID,13793.37,3,d86941865dd04287,55+,F
B1957,P1866,6F093,2025-06-07 11:37:36.952,CONFIRMED,True,IndiGo,CCU,DEL,CCU-DEL,2026-04-17 16:09:41.702,2026-04-17 20:00:41.702,231.0,False,VALID,VALID,14654.4,1,075f6dd5d6befe2e,55+,F
B1958,P1234,AI118,2025-04-28 11:37:36.952,PENDING,False,Air India,HYD,MAA,HYD-MAA,2026-04-17 17:50:41.702,2026-04-17 19:59:41.702,129.0,False,VALID,VALID,14804.5,3,11bfb207a6af40b8,55+,M
B1959,P1958,AI172,2025-12-19 11:37:36.952,CONFIRMED,True,Air India,BOM,CCU,BOM-CCU,2026-04-17 19:08:41.703,2026-04-17 19:53:41.703,45.0,False,VALID,VALID,12560.39,2,c6b1aec37b36e779,18-34,M
B1960,P1778,6F183,2026-01-30 11:37:36.952,CANCELLED,False,IndiGo,MAA,HYD,MAA-HYD,2026-04-17 17:08:41.703,2026-04-17 19:52:41.703,164.0,False,VALID,VALID,0.0,0,c6a585d0daae307a,35-54,F
B1961,P1798,6F200,2025-07-15 11:37:36.952,CONFIRMED,True,IndiGo,HYD,DEL,HYD-DEL,2026-04-17 14:54:41.703,2026-04-17 19:41:41.703,287.0,False,VALID,VALID,5764.6,1,43ed3ef0874d6ee4,55+,F
B1962,P1432,SJ077,2025-12-23 11:37:36.952,CONFIRMED,True,SpiceJet,BLR,MAA,BLR-MAA,2026-04-17 17:32:41.701,2026-04-17 19:40:41.701,128.0,False,VALID,VALID,23949.49,3,20e09fcd1bcdf6ad,55+,F
B1963,P1495,UK030,2026-02-24 11:37:36.952,CONFIRMED,True,Vistara,CCU,DEL,CCU-DEL,2026-04-17 15:11:41.701,2026-04-17 19:38:41.701,267.0,False,VALID,VALID,13604.68,2,da15c99dc20d50e0,0-17,F
B1964,P1998,SJ232,2025-05-21 11:37:36.952,PENDING,False,SpiceJet,MAA,BLR,MAA-BLR,2026-04-17 15:02:41.704,2026-04-17 19:22:41.704,260.0,False,VALID,VALID,23970.52,2,34c9340fb7652ca4,35-54,F
B1965,P1099,6F090,2026-01-29 11:37:36.952,CONFIRMED,True,IndiGo,HYD,BLR,HYD-BLR,2026-04-17 15:10:41.702,2026-04-17 19:22:41.702,252.0,False,VALID,VALID,6598.69,1,8249f45e7acc37f4,55+,F
B1966,P1989,UK002,2025-11-06 11:37:36.952,CONFIRMED,True,Vistara,CCU,MAA,CCU-MAA,2026-04-17 14:28:41.700,2026-04-17 19:20:41.700,292.0,False,VALID,VALID,15197.16,2,028cb64631392a37,18-34,M
B1967,P1598,AI154,2025-07-03 11:37:36.952,CANCELLED,False,Air India,HYD,MAA,HYD-MAA,2026-04-17 15:25:41.703,2026-04-17 19:16:41.703,231.0,False,VALID,VALID,0.0,0,b6699f1f75b07aaa,35-54,M
B1968,P1402,6F089,2025-10-11 11:37:36.952,CONFIRMED,True,IndiGo,DEL,HYD,DEL-HYD,2026-04-17 17:06:41.702,2026-04-17 19:10:41.702,124.0,False,VALID,VALID,8570.06,1,badbc8cd2f0a1abb,55+,F
B1969,P1395,6F218,2026-04-08 11:37:36.952,CONFIRMED,True,IndiGo,BLR,BOM,BLR-BOM,2026-04-17 15:16:41.704,2026-04-17 19:03:41.704,227.0,False,VALID,VALID,3661.2,2,ec0811c1674ac798,0-17,F
B1970,P1526,6F241,2025-11-26 11:37:36.952,CONFIRMED,True,IndiGo,DEL,HYD,DEL-HYD,2026-04-17 18:27:41.704,2026-04-17 19:02:41.704,35.0,False,VALID,VALID,5616.97,2,704f2f60253518ef,55+,M
B1971,P1414,6F116,2025-08-20 11:37:36.952,CONFIRMED,True,IndiGo,MAA,CCU,MAA-CCU,2026-04-17 16:43:41.702,2026-04-17 19:02:41.702,139.0,False,VALID,VALID,23170.66,3,e0c4ae7c95c83413,18-34,M
B1972,P1938,UK199,2025-04-18 11:37:36.952,CANCELLED,False,Vistara,BOM,CCU,BOM-CCU,2026-04-17 15:24:41.703,2026-04-17 18:55:41.703,211.0,False,VALID,VALID,0.0,0,7eaf1e6c1630f0c8,18-34,F
B1973,P1612,SJ033,2025-04-28 11:37:36.952,CANCELLED,False,SpiceJet,HYD,DEL,HYD-DEL,2026-04-17 17:26:41.701,2026-04-17 18:51:41.701,85.0,False,VALID,VALID,0.0,0,907899adc7befe7a,55+,F
B1974,P1676,AI210,2025-08-03 11:37:36.952,PENDING,False,Air India,BLR,BOM,BLR-BOM,2026-04-17 16:13:41.703,2026-04-17 18:50:41.703,157.0,False,VALID,VALID,13230.31,3,e851077501cff6e3,55+,F
B1975,P1462,UK148,2025-08-26 11:37:36.952,UNKNOWN,False,Vistara,HYD,BOM,HYD-BOM,2026-04-17 16:31:41.703,2026-04-17 18:43:41.703,132.0,False,VALID,VALID,0.0,0,72097e858425a287,55+,F
B1976,P1540,AI229,2025-08-27 11:37:36.952,PENDING,False,Air India,HYD,MAA,HYD-MAA,2026-04-17 16:48:41.703,2026-04-17 18:40:41.703,112.0,False,VALID,VALID,14701.49,3,7f7a4a05ac7584dc,18-34,F
B1977,P1625,UK005,2026-01-01 11:37:36.952,PENDING,False,Vistara,BOM,MAA,BOM-MAA,2026-04-17 14:02:41.701,2026-04-17 18:14:41.701,252.0,False,VALID,VALID,7119.26,3,90b4e732ed7b857b,55+,F
B1978,P1618,SJ080,2025-12-07 11:37:36.952,CONFIRMED,True,SpiceJet,CCU,MAA,CCU-MAA,2026-04-17 16:04:41.702,2026-04-17 17:59:41.702,115.0,False,VALID,VALID,24749.29,3,d871d6c1b0f4950d,35-54,F
B1979,P1921,SJ092,2025-12-02 11:37:36.952,CANCELLED,False,SpiceJet,BLR,MAA,BLR-MAA,2026-04-17 13:19:41.702,2026-04-17 17:56:41.702,277.0,False,VALID,VALID,0.0,0,ddabb59a9826ea31,0-17,M
B1980,P1363,SJ055,2025-12-04 11:37:36.952,CANCELLED,False,SpiceJet,HYD,MAA,HYD-MAA,2026-04-17 14:17:41.701,2026-04-17 17:56:41.701,219.0,False,VALID,VALID,0.0,0,cd5edf67052a03de,0-17,F
B1981,P1129,AI239,2025-05-17 11:37:36.952,CONFIRMED,True,Air India,BOM,HYD,BOM-HYD,2026-04-17 14:33:41.704,2026-04-17 17:47:41.704,194.0,False,VALID,VALID,13312.7,3,0211dba0308362d0,55+,F
B1982,P1083,6F162,2025-06-17 11:37:36.952,UNKNOWN,False,IndiGo,CCU,BOM,CCU-BOM,2026-04-17 14:50:41.703,2026-04-17 17:44:41.703,174.0,False,VALID,VALID,0.0,0,906ea2a505d51fd4,55+,F
B1983,P1270,UK101,2025-06-28 11:37:36.952,UNKNOWN,False,Vistara,DEL,HYD,DEL-HYD,2026-04-17 15:00:41.702,2026-04-17 17:43:41.702,163.0,False,VALID,VALID,0.0,0,9a57d7ee1548ab67,18-34,M
B1984,P1243,6F198,2025-04-25 11:37:36.952,CONFIRMED,True,IndiGo,HYD,BLR,HYD-BLR,2026-04-17 12:40:41.703,2026-04-17 17:39:41.703,299.0,False,VALID,VALID,10510.52,2,2b02232c958f1607,0-17,M
B1985,P1387,6F239,2025-09-28 11:37:36.952,CONFIRMED,True,IndiGo,CCU,BOM,CCU-BOM,2026-04-17 15:24:41.704,2026-04-17 17:37:41.704,133.0,False,VALID,VALID,4102.35,2,7ae0a3e744a2bd37,18-34,F
B1986,P1213,SJ177,2025-10-07 11:37:36.952,CONFIRMED,True,SpiceJet,BOM,CCU,BOM-CCU,2026-04-17 13:04:41.703,2026-04-17 17:37:41.703,273.0,False,VALID,VALID,10532.88,1,479494608e848a1d,55+,F
B1987,P1817,6F044,2026-03-12 11:37:36.952,CANCELLED,False,IndiGo,DEL,HYD,DEL-HYD,2026-04-17 13:25:41.701,2026-04-17 17:36:41.701,251.0,False,VALID,VALID,0.0,0,739aa8b2a541b46e,18-34,M
B1988,P1165,6F248,2026-02-17 11:37:36.952,PENDING,False,IndiGo,DEL,HYD,DEL-HYD,2026-04-17 13:25:41.701,2026-04-17 17:36:41.701,251.0,False,VALID,VALID,16699.59,3,8f17adbeae4fc7c3,35-54,M
B1989,P1790,6F002,2025-12-10 11:37:36.952,UNKNOWN,False,IndiGo,BLR,MAA,BLR-MAA,2026-04-17 14:11:41.700,2026-04-17 17:34:41.700,203.0,False,VALID,VALID,0.0,0,c78855de749f50c7,0-17,F
B1990,P1058,SJ197,2026-03-31 11:37:36.952,CONFIRMED,True,SpiceJet,HYD,BLR,HYD-BLR,2026-04-17 14:49:41.703,2026-04-17 17:33:41.703,164.0,False,VALID,VALID,20459.98,1,c1a316f03b3ae5a2,0-17,F
B1991,P1601,UK091,2026-01-14 11:37:36.952,CANCELLED,False,Vistara,CCU,BOM,CCU-BOM,2026-04-17 13:37:41.702,2026-04-17 17:31:41.702,234.0,False,VALID,VALID,0.0,0,f0316f28ef6214df,35-54,M
B1992,P1882,6F215,2025-04-25 11:37:36.952,CONFIRMED,True,IndiGo,DEL,BLR,DEL-BLR,2026-04-17 13:00:41.703,2026-04-17 17:30:41.703,270.0,False,VALID,VALID,23323.23,2,21b69c3f33f23bff,55+,F
B1993,P1842,AI093,2026-03-11 11:37:36.952,CANCELLED,False,Air India,BOM,BLR,BOM-BLR,2026-04-17 12:35:41.702,2026-04-17 17:28:41.702,293.0,False,VALID,VALID,0.0,0,a04db1b85ec66df8,18-34,F
B1994,P1923,UK090,2026-03-31 11:37:36.952,CONFIRMED,True,Vistara,HYD,MAA,HYD-MAA,2026-04-17 14:44:41.702,2026-04-17 17:24:41.702,160.0,False,VALID,VALID,17058.3,3,c46369250fdd0d07,18-34,M
B1995,P1503,SJ005,2025-11-20 11:37:36.952,CANCELLED,False,SpiceJet,DEL,MAA,DEL-MAA,2026-04-17 16:03:41.701,2026-04-17 17:24:41.701,81.0,False,VALID,VALID,0.0,0,a7885c0bc0f34d98,18-34,F
B1996,P1705,UK106,2025-08-08 11:37:36.952,CANCELLED,False,Vistara,BOM,CCU,BOM-CCU,2026-04-17 15:12:41.702,2026-04-17 17:23:41.702,131.0,False,VALID,VALID,0.0,0,ce67dbcfa56c14cf,55+,M
B1997,P1122,6F223,2025-05-03 11:37:36.952,PENDING,False,IndiGo,MAA,BLR,MAA-BLR,2026-04-17 16:47:41.704,2026-04-17 17:21:41.704,34.0,False,VALID,VALID,9179.72,3,5c67efc01eb595f2,18-34,M
B1998,P1647,6F011,2025-10-23 11:37:36.952,CONFIRMED,True,IndiGo,MAA,BLR,MAA-BLR,2026-04-17 15:16:41.701,2026-04-17 17:16:42.000,120.0,False,VALID,VALID,4365.39,3,3d2940729fbff853,55+,M
B1999,P1412,UK124,2025-08-08 11:37:36.952,UNKNOWN,False,Vistara,MAA,BLR,MAA-BLR,2026-04-17 14:35:41.702,2026-04-17 17:09:41.702,154.0,False,VALID,VALID,0.0,0,109ca04420be7bd4,0-17,F
